r,shooting_F,shooting_G,finite_difference_F,finite_difference_G,chebyshev_F,chebyshev_G
0.001,0.00022273409784800223,-1.473597994230126e-08,0.0,0.0,-0.0,-0.0
0.01100360144057623,0.0024508675166080404,-1.7842079665716254e-06,0.0,0.0,0.002452488191052794,-1.9752884080873366e-06
0.021007202881152463,0.004678952316107806,-6.5028956917511045e-06,0.0,0.0,0.004682029005823484,-6.383351556727971e-06
0.031010804321728695,0.006906944296888797,-1.4170630937896008e-05,0.006910388073010003,-1.5355456286201345e-05,0.006911475074814621,-1.6186161561174436e-05
0.041014405762304924,0.009134799261682107,-2.4787173776526062e-05,0.009139368468576891,-2.7631432545250848e-05,0.009140805183744853,-2.7189744432305933e-05
0.051018007202881153,0.011362473016291404,-3.835221255210122e-05,0.011368348864143781,-3.990740880430036e-05,0.011369783706572389,-4.183402091060722e-05
0.06102160864345739,0.013589921370475906,-5.486536385535044e-05,0.013596953281804266,-5.670385018494427e-05,0.013598762229399926,-5.647829738890851e-05
0.07102521008403362,0.01581710013883336,-7.432617249713472e-05,0.01582525326340154,-7.716059336001695e-05,0.01582746580919249,-7.421073164041731e-05
0.08102881152460985,0.018043965141682976,-9.673411148323478e-05,0.01805355324499882,-9.761733653508963e-05,0.018055365271177952,-0.00010097501009482209
0.09103241296518608,0.020270472205948326,-0.00012208858198977472,0.020281087856359743,-0.000124443123820345,0.020283264733163414,-0.00012773928854922683
0.1010360144057623,0.0224965771660402,-0.00015038891333974663,0.022508405178578796,-0.00015307708715361437,0.02251116419514888,-0.0001545035670036316
0.11103961584633854,0.0247222358647393,-0.0001816343629798989,0.024735715453108566,-0.0001817533804658652,0.024738214978138762,-0.00018575345076282088
0.12104321728691478,0.02694740415407903,-0.0002158241164593357,0.026961672371077692,-0.00021855823229878298,0.026964043939299423,-0.0002234611477908615
0.131046818727491,0.02917203789622771,-0.00025295728740677465,0.029187629289046814,-0.0002553630841317006,0.02918987290046008,-0.000261168844818902
0.14105042016806724,0.03139609296437153,-0.00029303291751233774,0.031413197919406395,-0.0002940578338551625,0.031415701861620744,-0.00029887654184694264
0.15105402160864345,0.03361952524359603,-0.0003360499765047129,0.03363747745844984,-0.0003390269299631417,0.0336415308227814,-0.0003365842388749831
0.1610576230492197,0.03584229063176917,-0.0003820073621359734,0.035861756997493284,-0.000383996026071121,0.035864823533873595,-0.00038604327861577545
0.17106122448979594,0.03806434504042194,-0.000430903900158593,0.038085102858680234,-0.0004326983046360818,0.03808710990103544,-0.0004401650653622503
0.18106482593037215,0.04028564439563176,-0.00048273834431345624,0.040307342859626095,-0.00048582221323450716,0.04030939626819728,-0.0004942868521087251
0.1910684273709484,0.04250614463890204,-0.0005375093763070886,0.042529582860571964,-0.0005389461218329326,0.04253168263535913,-0.0005484086388552
0.2010720288115246,0.04472580172804427,-0.0005952156057981861,0.04475020676696621,-0.000597642023903902,0.04475396900252097,-0.0006025304256016747
0.21107563025210085,0.046944571638060366,-0.0006558555703855388,0.04697008437786469,-0.0006589110140574103,0.04697527228579913,-0.000659526265528328
0.22107923169267707,0.04916241036202052,-0.0007194277355856281,0.04918996198876317,-0.0007201800042109182,0.049191977200067086,-0.0007299654720860853
0.2310828331332533,0.0513792739119449,-0.0007859304948217597,0.051407365691247826,-0.0007888528554423377,0.051408682114335046,-0.0008004046786438431
0.24108643457382956,0.05359511831968653,-0.0008553621694173236,0.05362452590748198,-0.0008582544072040951,0.053625387028603005,-0.0008708438852016007
0.25109003601440577,0.055809899637805166,-0.0009277210085684502,0.05584127013696374,-0.0009287659388114165,0.05584209194287095,-0.0009412830917593581
0.261093637454982,0.05802357394045118,-0.001003005189342283,0.058055387319222954,-0.001006287235642468,0.058058796857138904,-0.0010117222983171156
0.27109723889555826,0.06023609732424376,-0.0010812128166624714,0.06026950450148219,-0.00108380853247352,0.06027550177140687,-0.0010821615048748736
0.28110084033613447,0.06244742590915015,-0.0011623419232999477,0.06248238980464979,-0.0011642716761223126,0.06248563412823226,-0.0011692000079333042
0.2911044417767107,0.06465751583936029,-0.00124639046985358,0.06469311343167337,-0.0012498971121815902,0.06469406437721381,-0.0012605372627368478
0.3011080432172869,0.06686632328416867,-0.0013333563447489873,0.06690383705869696,-0.0013355225482408676,0.06690249462619535,-0.0013518745175403917
0.3111116446578632,0.06907380443884847,-0.0014232373642215502,0.06911236818059897,-0.0014259144595763285,0.06911092487517692,-0.001443211772343936
0.3211152460984394,0.07127991552553714,-0.0015160312723233006,0.07131937134373746,-0.001519628131758567,0.07131935512415848,-0.0015345490271474799
0.3311188475390156,0.07348461279409628,-0.0016117357408843708,0.07352637450687596,-0.0016133418039408055,0.07352778537314002,-0.0016258862819510237
0.3411224489795919,0.07568785252300375,-0.0017103483695326848,0.07573006007741612,-0.0017136371076501285,0.07573621562212159,-0.001717223536754568
0.3511260504201681,0.07788959102021943,-0.0018118666856695457,0.07793299563800206,-0.0018154203243607877,0.07793791803087927,-0.0018207883230971504
0.3611296518607443,0.08008978462406204,-0.0019162881444649141,0.08013574697495734,-0.001917541003392186,0.08013464358702269,-0.0019333983037786765
0.3711332533013205,0.08228838970409487,-0.0020236101288679657,0.08233428766803128,-0.002027374773578357,0.08233136914316609,-0.0020460082844602026
0.3811368547418968,0.08448536266197765,-0.00213382994956696,0.0845328283611052,-0.0021372085437645284,0.08452809469930953,-0.002158618265141729
0.391140456182473,0.08668065993235442,-0.002246944845004112,0.08673009791748916,-0.0022491958086476205,0.08672482025545293,-0.002271228245823255
0.4011440576230492,0.08887423798372747,-0.002362951981371612,0.0889238994897798,-0.0023670583546180277,0.08892154581159635,-0.002383838226504781
0.4111476590636255,0.09106605331931877,-0.0024818484525907453,0.09111770106207046,-0.002484920900588435,0.09111827136773977,-0.002496448207186308
0.4211512605042017,0.09325606247794765,-0.002603631280314626,0.09330899730936526,-0.0026067429671982924,0.09331499692388318,-0.002609058187867834
0.4311548619447779,0.0954442220349132,-0.0027282974139385702,0.09549773276985965,-0.002732612208608372,0.09550339095010196,-0.002734850713012516
0.44115846338535414,0.09763048860284664,-0.0028558437305721725,0.09768646823035403,-0.002858481450018452,0.09768417346144778,-0.002872686540426104
0.4511620648259304,0.09981481883257272,-0.002986267035023086,0.09987130565972634,-0.002990104237599674,0.0998649559727936,-0.003010522367839694
0.4611656662665066,0.10199716941400677,-0.003119564059829658,0.10205463342455162,-0.003123955310282294,0.10204573848413942,-0.0031483581952532823
0.47116926770708284,0.10417749707700613,-0.003255731465234821,0.10423796118937691,-0.003257806382964914,0.10422652099548524,-0.003286194022666871
0.4811728691476591,0.10635575859223108,-0.003394765839174832,0.10641585814883196,-0.0033991934831540064,0.10640730350683107,-0.0034240298500804603
0.4911764705882353,0.10853191077201753,-0.003536663697282116,0.10859345198100835,-0.0035410012162610713,0.10858808601817689,-0.0035618656774940487
0.5011800720288115,0.11070591047125498,-0.003681421482895038,0.1107699925351382,-0.0036841840939182595,0.11076886852952271,-0.003699701504907637
0.5111836734693878,0.11287771458824888,-0.0038290355670515695,0.11294151345257704,-0.0038339205364786772,0.11294965104086852,-0.003837537332321226
0.521187274909964,0.11504728006555107,-0.003979502248447556,0.11511303437001588,-0.003983656979039095,0.11511688798755805,-0.003991928796667828
0.5311908763505402,0.11721456389084679,-0.004132817753458437,0.11728199773112473,-0.004136551568253404,0.11727660968813526,-0.0041555055323010005
0.5411944777911165,0.11937952309783152,-0.004288978236152213,0.11944712064353606,-0.004294188457788236,0.1194363313887125,-0.004319082267934175
0.5511980792316927,0.12154211476705712,-0.0044479797782677605,0.12161224355594738,-0.004451825347323066,0.12159605308928971,-0.004482659003567347
0.5612016806722689,0.12370229602678517,-0.004609818389204137,0.12377315043823878,-0.004614388856109167,0.12375577478986692,-0.004646235739200519
0.5712052821128452,0.12586002405384691,-0.004774490006016595,0.12593153898310214,-0.004779895154510423,0.12591549649044412,-0.004809812474833692
0.5812088835534214,0.12801525607451217,-0.004941990493422218,0.12808992752796552,-0.004945401452911678,0.12807521819102133,-0.0049733892104668635
0.5912124849939976,0.13016794936535617,-0.005112315643804411,0.1302423002018464,-0.005117588524722884,0.13023493989159854,-0.005136965946100036
0.6012160864345738,0.13231806125411308,-0.005285461177205537,0.13239363077358376,-0.0052909328767202805,0.13239466159217575,-0.005300542681733208
0.6112196878751501,0.1344655491205054,-0.005461422741296972,0.13454437995376983,-0.00546489104839561,0.134554383292753,-0.005464119417366383
0.6212232893157263,0.13661037039707494,-0.005640195911350644,0.1366883188795503,-0.005646039328280008,0.1366885530124046,-0.005655133037475338
0.6312268907563026,0.13875248257011996,-0.005821776190313609,0.13883225780533076,-0.005827187608164406,0.1388211677352988,-0.005847816362430944
0.6412304921968788,0.14089184318049416,-0.006006159008751323,0.14097384443770947,-0.006010705263294546,0.14095378245819298,-0.00604049968738655
0.651234093637455,0.1430284098244696,-0.006193339724852324,0.14311006989852657,-0.006199623021650239,0.1430863971810872,-0.006233183012342157
0.6612376950780312,0.14516214015457468,-0.006383313624411589,0.14524629535934366,-0.006388540780005933,0.1452190119039814,-0.006425866337297763
0.6712412965186074,0.14729299188044198,-0.006576075920822452,0.14737824715348224,-0.006581566408321046,0.1473516266268756,-0.006618549662253369
0.6812448979591837,0.1494209227696634,-0.006771621755075162,0.14950642826990088,-0.006778216431072509,0.14948424134976981,-0.006811232987208977
0.69124849939976,0.15154589064864626,-0.006969946195757133,0.15163460938631948,-0.006974866453823971,0.15161685607266404,-0.007003916312164584
0.7012521008403362,0.1536678534034651,-0.0071710442390499,0.15375645413097644,-0.007177345746924083,0.15374947079555823,-0.00719659963712019
0.7112557022809124,0.1557867689807028,-0.007374910808717807,0.15587627114728067,-0.007381690488770919,0.15588208551845242,-0.007389282962075796
0.7212593037214886,0.1579025953882745,-0.00758154075608347,0.1579960881635849,-0.0075860352306177554,0.15800010405301176,-0.007594580894582914
0.7312629051620648,0.16001529069622983,-0.007790928859985023,0.16010735330693032,-0.00779791093596716,0.1600985868409948,-0.007816762397693012
0.741266506602641,0.1621248130376314,-0.00800306982679553,0.16221847826305774,-0.008009910093199832,0.16219706962897779,-0.008038943900803107
0.7512701080432174,0.16423112060945946,-0.008217958290466645,0.1643277096401565,-0.008223509482197957,0.16429555241696084,-0.008261125403913206
0.7612737094837936,0.1663341716733687,-0.008435588812449624,0.1664298251021397,-0.00844312241128898,0.16639403520494384,-0.008483306907023303
0.7712773109243698,0.1684339245565563,-0.008655955881708017,0.1685319405641229,-0.008662735340380001,0.16849251799292686,-0.0087054884101334
0.781280912364946,0.1705303376525812,-0.008879053914692629,0.17062998174897293,-0.008885652588175327,0.17059100078090986,-0.008927669913243497
0.7912845138055222,0.1726233694221925,-0.009104877255323367,0.17272276281718532,-0.009112835893782714,0.17268948356889288,-0.009149851416353594
0.8012881152460984,0.17471297839416425,-0.009333420174975708,0.17481554388539772,-0.009340019199390103,0.17478796635687588,-0.009372032919463692
0.8112917166866747,0.1767991231661332,-0.009564676872469443,0.1769019295751942,-0.009572191037839229,0.1768864491448589,-0.009594214422573787
0.821295318127251,0.17888176240543624,-0.009798641474057429,0.17898506138206294,-0.009806900975020422,0.17898493193284193,-0.009816395925683886
0.8312989195678272,0.18096085484994442,-0.010035308033411967,0.18106819318893164,-0.010041610912201612,0.18107897232497794,-0.010041970509283528
0.8413025210084034,0.1830363593088902,-0.010274670531606593,0.1831424599406346,-0.010282971356477535,0.18313530199510902,-0.01029634836019378
0.8513061224489796,0.18510823466368487,-0.010516722877090857,0.18521562079835102,-0.010525161435275323,0.1851916316652401,-0.01055072621110403
0.8613097238895558,0.18717643986872257,-0.010761458905655876,0.18728759507266768,-0.010768209260399113,0.1872479613353712,-0.010805104062014282
0.8713133253301321,0.18924093395216818,-0.011008872380388276,0.18935047291384433,-0.01101783263015569,0.1893042910055023,-0.011059481912924534
0.8813169267707083,0.19130167601674994,-0.01125895699162707,0.19141335075502097,-0.011267455999912265,0.1913606206756334,-0.011313859763834786
0.8913205282112846,0.19335862524077133,-0.011511706357072167,0.19347260615545492,-0.011519602356226238,0.1934169503457645,-0.011568237614745042
0.9013241296518608,0.19541174087877108,-0.011767114021653329,0.1955248826625147,-0.011776609428123733,0.1954732800158956,-0.011822615465655294
0.911327731092437,0.19746098226237063,-0.012025173457521328,0.1975771591695745,-0.01203361650002123,0.19752960968602667,-0.012076993316565546
0.9213313325330132,0.19950630880109588,-0.012285878064026038,0.19962323857375947,-0.012294789142386126,0.1995859393561578,-0.012331371167475796
0.9313349339735895,0.20154767998317377,-0.012549221167676976,0.20166460470443923,-0.01255912995434811,0.20164226902628887,-0.012585749018386048
0.9413385354141657,0.20358505537633503,-0.012815196022107157,0.203705970835119,-0.012823470766310094,0.20369859869641996,-0.0128401268692963
0.9513421368547419,0.2056183946286213,-0.013083795808039169,0.205738420764811,-0.013093594949823824,0.20575492836655107,-0.013094504720206552
0.9613457382953182,0.20764765746919436,-0.013355013633252344,0.20776856173485966,-0.013365216808360132,0.20776090665117422,-0.013380555298220922
0.9713493397358944,0.20967280370914657,-0.01362884253254991,0.20979846506189148,-0.01363698762895319,0.20976604723761536,-0.013667132816768223
0.9813529411764707,0.21169379324230994,-0.013905275467725114,0.21181707507163133,-0.013915837453145763,0.2117711878240565,-0.013953710335315521
0.9913565426170469,0.21371058604606283,-0.014184305327525059,0.21383568508137119,-0.014194687277338334,0.21377632841049765,-0.014240287853862822
1.001360144057623,0.2157231421821318,-0.014465924927611297,0.21585137113297545,-0.01447530800297652,0.21578146899693876,-0.014526865372410118
1.0113637454981992,0.21773142179738736,-0.014750127010516005,0.21785813909751897,-0.014761329986955564,0.21778660958337992,-0.014813442890957417
1.0213673469387754,0.21973538512463175,-0.015036904245592623,0.2198649070620625,-0.015047351970934607,0.21979175016982105,-0.015100020409504717
1.0313709483793516,0.22173499248337675,-0.01532624922895994,0.2218659280890681,-0.01533674134666448,0.2217968907562622,-0.015386597928052016
1.0413745498199278,0.22373020428061036,-0.0156181544834384,0.22386055166225163,-0.015629879281184977,0.22380203134270332,-0.015673175446599314
1.051378151260504,0.22572098101154964,-0.015912612458477658,0.22585517523543513,-0.015923017215705475,0.22580717192914448,-0.015959752965146616
1.0613817527010803,0.22770728326039177,-0.016209615530081517,0.22784108863943295,-0.016221091689537583,0.22781231251558562,-0.016246330483693915
1.0713853541416567,0.22968907170138897,-0.016509156000923918,0.22982326060338537,-0.016521286646390475,0.2298174531020268,-0.01653290800224122
1.081388955582233,0.23166630709941557,-0.01681122610016862,0.23180543256733777,-0.016821481603243357,0.23181826627385005,-0.01682189343600868
1.0913925570228091,0.2336389503107223,-0.01711581798339003,0.23377579997863507,-0.017128155185539784,0.2337621919377238,-0.017142532942316865
1.1013961584633853,0.23560696228378325,-0.017422923732551675,0.23574522164574582,-0.017435347815235036,0.23570611760159754,-0.01746317244862505
1.1113997599039616,0.2375703040600522,-0.017732535355931205,0.23771265748886736,-0.017743595558254065,0.2376500432654713,-0.017783811954933233
1.1214033613445378,0.239528936774723,-0.0180446447880464,0.2396690256765023,-0.0180577237976465,0.23959396892934504,-0.018104451461241417
1.131406962785114,0.2414828216574932,-0.018359243889581534,0.24162539386413728,-0.018371852037038935,0.24153789459321878,-0.0184250909675496
1.1414105642256902,0.2434319200333295,-0.018676324447313594,0.24357671059775007,-0.018688581293165626,0.2434818202570925,-0.018745730473857785
1.1514141656662664,0.24537619332323468,-0.018995878174037733,0.24551973047642858,-0.019009582637770417,0.24542574592096625,-0.01906636998016597
1.1614177671068426,0.2473156030450145,-0.019317896708491437,0.24746275035510712,-0.019330583982375207,0.24736967158484,-0.019387009486474153
1.1714213685474189,0.2492501108140439,-0.019642371615276866,0.24939751719780925,-0.019655702318692774,0.24931359724871374,-0.019707648992782337
1.181424969987995,0.2511796783440314,-0.019969294384780716,0.2513268897880673,-0.019983511554780165,0.25125752291258746,-0.02002828849909052
1.1914285714285713,0.2531042674477807,-0.02029865643309111,0.25325626237832527,-0.020311320790867556,0.2532014485764612,-0.020348928005398705
1.2014321728691475,0.25502384003794876,-0.02063044910191099,0.255174051846686,-0.020644733091966568,0.25514537424033495,-0.02066956751170689
1.211435774309724,0.25693835812779925,-0.020964663658467313,0.25708948637155193,-0.0209792845420461,0.25708929990420876,-0.02099020701801508
1.2214393757503001,0.25884778383194973,-0.021301291295415636,0.2590041047031203,-0.021314218712579866,0.2590061191736633,-0.021323377787795646
1.2314429771908764,0.2607520793671134,-0.02164032313073944,0.2609053065532256,-0.021655443993191928,0.26087783964203626,-0.021677397695602497
1.2414465786314526,0.2626512070528319,-0.021981750207643647,0.26280650840333086,-0.021996669273803993,0.2627495601104092,-0.022031417603409348
1.2514501800720288,0.26454512931220087,-0.022325563494441793,0.2647035918709631,-0.022339768054744552,0.26462128057878215,-0.0223854375112162
1.261453781512605,0.2664338086725847,-0.02267175388443624,0.2665902745111699,-0.02268759829366065,0.2664930010471551,-0.02273945741902305
1.2714573829531812,0.26831720776632195,-0.023020312195790933,0.2684769571513767,-0.02303542853257675,0.2683647215155281,-0.0230934773268299
1.2814609843937574,0.2701952893314185,-0.023371229171396092,0.270356087727105,-0.023386590500595404,0.27023644198390107,-0.023447497234636752
1.2914645858343337,0.2720680162122581,-0.023724495478739255,0.2722279610834312,-0.023740954121507032,0.27210816245227404,-0.023801517142443603
1.3014681872749099,0.27393535136084946,-0.024080101710050848,0.2740998344397575,-0.02409531774241866,0.273979882920647,-0.024155537050250454
1.311471788715486,0.275797257837027,-0.024438038381913926,0.27596059662400607,-0.02445443854482105,0.27585160338902,-0.024509556958057305
1.3214753901560623,0.2776536988091927,-0.02479829593514122,0.2778173785874618,-0.024815263454814673,0.27772332385739296,-0.024863576865864156
1.3314789915966385,0.27950463755516386,-0.02516086473470787,0.27967416055091754,-0.025176088364808297,0.27959504432576593,-0.025217596773671008
1.3414825930372147,0.2813500374628659,-0.02552573506960347,0.2815161414056042,-0.025543060676207267,0.2814667647941389,-0.02557161668147786
1.351486194477791,0.283189862031028,-0.025892897152682403,0.28335754660068735,-0.02591027207852243,0.2833384852625119,-0.02592563658928471
1.3614897959183674,0.28502407486987846,-0.02626234112051217,0.28519599521761546,-0.02627867544955268,0.28521020573088485,-0.026279656497091568
1.3714933973589436,0.28685263970184244,-0.026634057033219333,0.2870217461407555,-0.0266521979999029,0.28700565003065265,-0.026664662767199785
1.3814969987995198,0.28867552036223815,-0.027008034874332825,0.2888474970638955,-0.027025720550253114,0.2887932888881929,-0.02705283991315569
1.391500600240096,0.2904926807999742,-0.0273842645506242,0.2906666323197616,-0.02740183090423118,0.29058092774573313,-0.027441017059111596
1.4015042016806722,0.29230408507824446,-0.027762735891944543,0.2924764484543116,-0.027781586552773137,0.2923685666032733,-0.0278291942050675
1.4115078031212485,0.2941096973752223,-0.02814343865105766,0.29428626458886165,-0.028161342201315092,0.29415620546081356,-0.028217371351023403
1.4215114045618247,0.2959094819847523,-0.028526362503469297,0.2960856840016352,-0.028545045789177284,0.2959438443183538,-0.028605548496979306
1.431515006002401,0.29770340331703954,-0.02891149704725195,0.2978792926235722,-0.02893095590426205,0.29773148317589404,-0.028993725642935213
1.441518607442977,0.2994914258993348,-0.02929883180286502,0.29967290124550927,-0.029316866019346813,0.2995191220334343,-0.029381902788891117
1.4515222088835533,0.30127351437661715,-0.029688356212969905,0.3014522062445318,-0.029708046268846544,0.3013067608909745,-0.02977007993484702
1.4615258103241295,0.30304963351227093,-0.030080059642239768,0.303229331853228,-0.030100029509310917,0.30309439974851476,-0.030158257080802924
1.4715294117647058,0.3048197481887587,-0.03047393137716359,0.3050048814846665,-0.030492576421076598,0.304882038606055,-0.03054643422675883
1.481533013205282,0.30658382340828755,-0.030869960625844184,0.30676525630447393,-0.030890550826022864,0.3066696774635952,-0.030934611372714735
1.4915366146458582,0.30834182429347073,-0.03126813651778986,0.30852563112428133,-0.03128852523096913,0.30845731632113543,-0.03132278851867064
1.5015402160864346,0.31009371608798125,-0.03166844810369942,0.31028055258302045,-0.03168839200311374,0.31024495517867573,-0.031710965664626556
1.5115438175270108,0.3118394641571988,-0.03207088435524001,0.3120239062828025,-0.03209227289560252,0.31203259403621597,-0.03209914281058246
1.521547418967587,0.31357903398884923,-0.0324754341648178,0.3137672599825846,-0.03249615378809129,0.31375483150108585,-0.03250924410433878
1.5315510204081633,0.3153123911936348,-0.03288208634534077,0.3155011647749612,-0.03290321705648799,0.315445706891558,-0.032929858733153426
1.5415546218487395,0.317039501505856,-0.03329082962997353,0.31722723469076375,-0.03331291909795981,0.3171365822820301,-0.033350473361968065
1.5515582232893157,0.31876033078402416,-0.03370165267188387,0.31895330460656635,-0.03372262113943163,0.3188274576725022,-0.03377108799078271
1.561561824729892,0.3204748450114629,-0.03411454404398039,0.32066580936944866,-0.03413675483379615,0.32051833306297434,-0.03419170261959735
1.5715654261704681,0.32218301029690033,-0.03452949223864138,0.3223743304889312,-0.03455218996021233,0.32220920845344647,-0.034612317248411996
1.5815690276110443,0.32388479287505334,-0.034946485667436064,0.32408285160841377,-0.03496762508662851,0.3239000838439186,-0.035032931877226635
1.5915726290516206,0.32558015910804033,-0.03536551266122315,0.3257735789949834,-0.03538870057711684,0.32559095923439074,-0.03545354650604128
1.6015762304921968,0.32726907548545087,-0.0357865614696302,0.3274642939234403,-0.035809780016652394,0.3272818346248629,-0.03587416113485592
1.611579831932773,0.32895150862449923,-0.03620962026056163,0.3291509331397518,-0.03623211219353421,0.328972710015335,-0.036294775763670566
1.6215834333733492,0.330627425271081,-0.03663467712011945,0.33082358232829734,-0.03665874443617945,0.33066358540580715,-0.03671539039248521
1.6315870348139254,0.3322967923003545,-0.03706172005230161,0.3324962315168429,-0.03708537667882468,0.3323544607962793,-0.03713600502129985
1.6415906362545019,0.333959576717321,-0.0374907369786955,0.33416060277217846,-0.03751447658421508,0.3340453361867514,-0.0375566196501145
1.651594237695078,0.33561574565740404,-0.03792171573816612,0.3358149342468464,-0.03794656936138813,0.33573621157722355,-0.03797723427892914
1.6615978391356543,0.33726526638702803,-0.03835464408653897,0.33746926572151437,-0.03837866213856118,0.3374270869676957,-0.03839784890774379
1.6716014405762305,0.3389081063041942,-0.03878950969627709,0.33911100165900604,-0.038814393874193755,0.3391179623581678,-0.03881846353655843
1.6816050420168067,0.340544232939055,-0.039226300156152305,0.3407467614738902,-0.03925185216278025,0.340732640056193,-0.039261072606453715
1.691608643457383,0.34217361395448603,-0.03966500297091018,0.34238252128877433,-0.03968931045136675,0.3423134047192419,-0.039713470663727775
1.7016122448979591,0.3437962171466548,-0.0401056055609287,0.3440012598425288,-0.04013153524929968,0.34389416938229067,-0.04016586872100184
1.7116158463385354,0.34541201044558656,-0.04054809526187015,0.3456182015894878,-0.04057426321185238,0.34547493404533947,-0.0406182667782759
1.7216194477791116,0.3470209619157264,-0.04099245932432619,0.34723264906546664,-0.04101766765827922,0.3470556987083883,-0.04107066483554996
1.7316230492196878,0.34862303975649755,-0.041438684913455724,0.3488305245354622,-0.041465566682439975,0.3486364633714371,-0.04152306289282403
1.741626650660264,0.350218212302855,-0.04188675910861543,0.3504284000054578,-0.04191346570660074,0.3502172280344859,-0.04197546095009809
1.7516302521008402,0.35180644802583483,-0.04233666890298263,0.3520193804654604,-0.042363175917718016,0.35179799269753476,-0.04242785900737216
1.7616338535414164,0.35338771553309806,-0.04278840120317025,0.35359794895447416,-0.04281614651569228,0.35337875736058355,-0.04288025706464622
1.7716374549819927,0.3549619835694696,-0.04324194282883373,0.355176517443488,-0.04326911711366654,0.3549595220236324,-0.04333265512192028
1.781641056422569,0.3565292210174706,-0.04369728051226953,0.356743680281792,-0.04372498693923833,0.35654028668668125,-0.04378505317919435
1.7916446578631453,0.35808939689784514,-0.044154400898005,0.3583026994453856,-0.04418292682350876,0.35812105134973005,-0.04423745123646842
1.8016482593037215,0.35964248037008045,-0.04461329054237946,0.3598617186089792,-0.04464086670777919,0.35970181601277884,-0.04468984929374248
1.8116518607442977,0.3611884407329198,-0.045073935913116134,0.36140471784731415,-0.04510274680112889,0.3612825806758277,-0.04514224735101654
1.821655462184874,0.3627272474248681,-0.04553632338888478,0.3629439528166822,-0.04556555274191675,0.3628633453388765,-0.045594645408290606
1.8316590636254502,0.36425887002469026,-0.046000439258854706,0.36448246629200853,-0.04602853022190868,0.3644441100019253,-0.046047043465564666
1.8416626650660264,0.36578327825190093,-0.04646626972223797,0.3660016807083479,-0.04649609616005371,0.36602487466497413,-0.04649944152283873
1.8516662665066026,0.36730044196724626,-0.046933800887822556,0.3675208951246873,-0.04696366209819874,0.3674858137178176,-0.04697945567015528
1.8616698679471788,0.36881033117317646,-0.04740301877349512,0.36903479726011,-0.04743244869260656,0.3689425974274821,-0.0474604274953104
1.871673469387755,0.37031291601430955,-0.04787390930575333,0.370533762213251,-0.047904667553753784,0.3703993811371466,-0.047941399320465525
1.8816770708283312,0.3718081667778852,-0.048346458319207274,0.37203272716639196,-0.048376886414901,0.37185616484681105,-0.048422371145620646
1.8916806722689075,0.37329605389420917,-0.04882065155606991,0.3735216847858088,-0.04885132518699622,0.37331294855647557,-0.04890334297077577
1.9016842737094837,0.3747765479370867,-0.049296474665636164,0.3750001700163609,-0.049328087032482766,0.3747697322661401,-0.04938431479593089
1.91168787515006,0.376249619624246,-0.049773913203750575,0.37647865524691293,-0.049804848877969314,0.3762265159758046,-0.04986528662108601
1.9216914765906363,0.3777152398177503,-0.050252952632263065,0.3779423391807829,-0.05028477934733426,0.37768329968546915,-0.050346258446241146
1.9316950780312125,0.37917337952439834,-0.050733578318472736,0.37940012185247374,-0.05076597314386946,0.37914008339513366,-0.05082723027139627
1.9416986794717888,0.38062400989611345,-0.05121577553455948,0.3808579045241645,-0.05124716694040465,0.3805968671047982,-0.05130820209655139
1.951702280912365,0.3820671022304706,-0.05169952945706731,0.3822959899324378,-0.05173242508488688,0.3820536508144627,-0.05178917392170651
1.9617058823529412,0.3835026279727253,-0.05218482516703248,0.38373284599122354,-0.05221793689425443,0.3835104345241272,-0.05227014574686163
1.9717094837935174,0.38493055871398574,-0.05267164764844798,0.38516615931772485,-0.05270415293376176,0.38496721823379165,-0.052751117572016754
1.9817130852340936,0.3863508661920035,-0.05315998178782558,0.3865818721078059,-0.05319386763679443,0.38642400194345616,-0.053232089397171875
1.9917166866746698,0.3877635222919546,-0.05364981237375912,0.38799758489788705,-0.0536835823398271,0.3878807856531207,-0.053713061222327
2.001720288115246,0.389168499046808,-0.054141124096304886,0.38940488438225873,-0.05417490590158793,0.3893375693627852,-0.05419403304748212
2.0117238895558223,0.3905657686376905,-0.05463390154635207,0.3907992361524246,-0.054668705427461994,0.3907943530724497,-0.05467500487263724
2.0217274909963985,0.3919553033942457,-0.05512812921498329,0.39219358792259046,-0.05516250495333606,0.3921805618232067,-0.05516925361275801
2.0317310924369747,0.3933370757949894,-0.05562379149282499,0.3935745618302411,-0.055658763736260775,0.3934991732495408,-0.05567621910032238
2.041734693877551,0.39471105846765797,-0.05612087266938749,0.3949473422024969,-0.05615652873960499,0.3948177846758749,-0.05618318458788675
2.051738295318127,0.39607722418955316,-0.05661935693239473,0.39632012257475263,-0.05665429374294921,0.3961363961022091,-0.05669015007545112
2.0617418967587033,0.3974355458878791,-0.057119228367103245,0.3976744644776573,-0.05715531184139126,0.3974550075285432,-0.05719711556301549
2.0717454981992796,0.39878599664007497,-0.05762047095561055,0.3990254620920429,-0.057656919971922196,0.3987736189548773,-0.05770408105057986
2.0817490996398558,0.40012854967414013,-0.05812306857615264,0.40037485961949926,-0.05815879878181908,0.4000922303812114,-0.058211046538144226
2.091752701080432,0.4014631783689532,-0.058627005002390334,0.4017038704633358,-0.05866412631346674,0.4014108418075455,-0.058718012025708595
2.101756302521008,0.40278985625458397,-0.05913226390268456,0.4030328813071723,-0.05916945384511441,0.40272945323387965,-0.059224977513272964
2.1117599039615844,0.40410855701259896,-0.059638828839360274,0.40435525508841313,-0.059675855851433965,0.40404806466021376,-0.059731943000837326
2.1217635054021606,0.40541925447635796,-0.060146683267958787,0.40566207427170264,-0.0601847759930414,0.40536667608654786,-0.060238908488401695
2.131767106842737,0.406721922631305,-0.06065581053647867,0.40696889345499215,-0.06069369613464883,0.40668528751288197,-0.060745873975966064
2.1417707082833135,0.4080165356152497,-0.061166193884604717,0.4082639497107714,-0.061204436379304616,0.4080038989392162,-0.061252839463530454
2.1517743097238897,0.40930306771864083,-0.06167781644292488,0.40954837966324653,-0.06171682085470303,0.4093225103655503,-0.06175980495109482
2.161777911164466,0.4105814933848326,-0.06219066123213549,0.41083280961572166,-0.06222920533010145,0.4106411217918844,-0.06226677043865919
2.171781512605042,0.41185178721034005,-0.06270471116223385,0.4121002607664601,-0.06274409512337102,0.4119597332182185,-0.06277373592622357
2.1817851140456184,0.41311392394508784,-0.06321994903169859,0.4133621031364512,-0.06325981252384513,0.4132783446445526,-0.06328070141378793
2.1917887154861946,0.41436787849264767,-0.06373635752665761,0.4146239455064423,-0.06377552992431923,0.41459695607088676,-0.06378766690135229
2.201792316926771,0.41561362591046763,-0.06425391922004314,0.41586351055431403,-0.06429437681355044,0.4158642030362765,-0.06430158836581812
2.211795918367347,0.4168511414100914,-0.06477261657073406,0.4171025742800449,-0.06481329412785317,0.417030328053404,-0.06482920416141116
2.2217995198079232,0.41808040035736677,-0.0652924319226853,0.41833694525134785,-0.06533283734192201,0.4181964530705315,-0.06535681995700421
2.2318031212484994,0.41930137827264496,-0.06581334750404395,0.4195530385768622,-0.06585481835119189,0.419362578087659,-0.06588443575259725
2.2418067226890757,0.4205140508309684,-0.0663353454262523,0.42076913190237664,-0.06637679936046177,0.42052870310478646,-0.06641205154819028
2.251810324129652,0.42171839386224813,-0.0668584076831372,0.42197525473148234,-0.0669000401962121,0.421694828121914,-0.06693966734378333
2.261813925570228,0.42291438335143017,-0.06738251614998601,0.42316819315796533,-0.06742494695298298,0.4228609531390415,-0.06746728313937637
2.2718175270108043,0.42410199543865024,-0.06790765258260882,0.42436113158444827,-0.06794985370975387,0.42402707815616897,-0.06799489893496942
2.2818211284513805,0.4252812064193771,-0.06843379861638667,0.425538737862432,-0.06847658962197188,0.42519320317329645,-0.06852251473056246
2.2918247298919567,0.4264519927445437,-0.06896093576530583,0.42670833627542903,-0.06900428088822007,0.426359328190424,-0.0690501305261555
2.301828331332533,0.42761433102066654,-0.06948904542097792,0.4278779346884261,-0.06953197215446827,0.4275254532075515,-0.06957774632174854
2.311831932773109,0.42876819800995253,-0.07001810885164557,0.42902676189404665,-0.07006199633384033,0.42869157822467896,-0.07010536211734159
2.3218355342136854,0.42991357063039265,-0.07054810720117374,0.43017284239999515,-0.07059232900812058,0.42985770324180644,-0.07063297791293463
2.3318391356542616,0.4310504259558435,-0.07107902148802632,0.43131632786443014,-0.07112293490739058,0.4310238282589339,-0.07116059370852766
2.341842737094838,0.4321787412160949,-0.07161083260422804,0.43243871202399037,-0.07165576250669044,0.43218995327606147,-0.0716882095041207
2.351846338535414,0.4332984937969245,-0.07214352131431127,0.43356109618355065,-0.0721885901059903,0.43335607829318895,-0.07221582529971375
2.3618499399759902,0.4344096612401384,-0.07267706825424798,0.43467546520865613,-0.0727222056767391,0.43452220331031643,-0.0727434410953068
2.3718535414165665,0.43551222124359773,-0.07321145393036624,0.4357739817631056,-0.07325737971096005,0.4356883283274439,-0.07327105689089984
2.3818571428571427,0.4366061516612447,-0.07374665871825732,0.43687249831755504,-0.07379255374518102,0.43685445334457146,-0.07379867268649287
2.391860744297719,0.43769143050489034,-0.07428266286245601,0.4379575018590972,-0.07432896133286589,0.4379443810085997,-0.07433331317554032
2.401864345738295,0.4387680359429528,-0.07481944647486921,0.43903197906513175,-0.07486632983117202,0.43894382792561465,-0.07487629515527532
2.4118679471788713,0.4398359462993784,-0.07535698953308652,0.44010645627116624,-0.07540369832947813,0.4399432748426295,-0.07541927713501032
2.421871548619448,0.44089514005453584,-0.07589527187960729,0.44116185047948175,-0.07594267547732853,0.44094272175964444,-0.07596225911474534
2.431875150060024,0.4419455958452182,-0.07643427322070853,0.44221212372965196,-0.07648208430929414,0.44194216867665936,-0.07650524109448036
2.4418787515006004,0.44298729246463453,-0.07697397312529831,0.4432620380515452,-0.07702152087009381,0.44294161559367423,-0.07704822307421536
2.4518823529411766,0.44402020886239035,-0.07751435102375487,0.4442879423063848,-0.07756281231725366,0.44394106251068916,-0.07759120505395035
2.461885954381753,0.44504432414445777,-0.07805538620675181,0.4453138465612244,-0.07810410376441351,0.444940509427704,-0.07813418703368535
2.471889555822329,0.4460596175731349,-0.07859705782406978,0.4463338390111472,-0.07864581040928552,0.44593995634471895,-0.07867716901342035
2.4818931572629053,0.44706606856699505,-0.07913934488339482,0.4473352163174119,-0.07918882443238928,0.4469394032617338,-0.07922015099315537
2.4918967587034815,0.4480636567008252,-0.0796822262491037,0.4483365936236766,-0.07973183845549303,0.44793885017874874,-0.07976313297289037
2.5019003601440577,0.4490523617055548,-0.0802256806410368,0.4493264345761103,-0.08027558097941,0.4489382970957636,-0.08030611495262537
2.511903961584634,0.45003216346817315,-0.08076968663325822,0.4503031265925571,-0.08082015383591729,0.44993774401277853,-0.08084909693236036
2.52190756302521,0.451003042031638,-0.0813142226528043,0.4512798186090039,-0.08136472669242457,0.4509371909297934,-0.08139207891209538
2.5319111644657863,0.4519649775947723,-0.08185926697842005,0.45223928293343996,-0.08191026551420276,0.45193663784680826,-0.08193506089183038
2.5419147659063626,0.45291795051215245,-0.08240479773928434,0.45319113835026126,-0.08245623097122035,0.4529360847638232,-0.08247804287156538
2.5519183673469388,0.4538619412939857,-0.08295079291372387,0.4541429937670826,-0.08300219642823793,0.45393553168083806,-0.08302102485130038
2.561921968787515,0.4547969306059774,-0.08349723032791635,0.45507186134547983,-0.0835492865567793,0.454934978597853,-0.08356400683103538
2.571925570228091,0.4557228992691889,-0.08404408765458318,0.45599872850049955,-0.08409647455529726,0.45593442551486785,-0.08410698881077039
2.5819291716686674,0.456639828259885,-0.0845913424116719,0.456921919970656,-0.08464381608882388,0.45693387243188277,-0.08464997079050539
2.5919327731092436,0.45754769870937223,-0.08513897196102874,0.4578236541730322,-0.08519205390206899,0.4577736221134492,-0.0851990207080449
2.60193637454982,0.4584464919038267,-0.08568695350706163,0.4587253883754085,-0.08574029171531411,0.45859254553584383,-0.0857488619507755
2.611939975990396,0.4593361892841128,-0.08623526409539387,0.4596177051753761,-0.08628885481719106,0.4594114689582385,-0.08629870319350609
2.6219435774309723,0.46021677244559234,-0.08678388061150887,0.46049416140940225,-0.08683796576247232,0.4602303923806332,-0.08684854443623667
2.6319471788715485,0.46108822313792325,-0.08733277977938626,0.46137061764342846,-0.08738707670775359,0.4610493158030278,-0.08739838567896727
2.6419507803121247,0.4619505232648501,-0.08788193816012951,0.46223185325784905,-0.08793660301915662,0.46186823922542247,-0.08794822692169786
2.651954381752701,0.462803654883984,-0.08843133215058563,0.46308289341373016,-0.08848640756155043,0.4626871626478171,-0.08849806816442844
2.661957983193277,0.4636476002065738,-0.08898093798195712,0.46393393356961127,-0.08903621210394426,0.46350608607021176,-0.08904790940715904
2.6719615846338534,0.46448234159726803,-0.08953073171840642,0.4647638871273062,-0.08958643745454306,0.4643250094926064,-0.08959775064988963
2.6819651860744296,0.4653078615738668,-0.0900806892556533,0.4655893727901617,-0.09013675196730975,0.46514393291500106,-0.09014759189262021
2.691968787515006,0.4661241428070653,-0.09063078631956537,0.4664135364882233,-0.09068708311915138,0.4659628563373957,-0.09069743313535081
2.701972388955582,0.46693116812018814,-0.09118099846474219,0.4672133360785208,-0.09123772093287784,0.46678177975979035,-0.0912472743780814
2.7119759903961587,0.46772892048891423,-0.09173130107309309,0.4680131356688182,-0.09178835874660432,0.46760070318218505,-0.09179711562081201
2.721979591836735,0.4685173830409923,-0.092281669352409,0.4688057637994676,-0.09233903333683195,0.4684196266045797,-0.0923469568635426
2.731983193277311,0.4692965390559486,-0.09283207833492907,0.4695797454452268,-0.09288980354950009,0.46923855002697434,-0.0928967981062732
2.7419867947178873,0.47006637196478457,-0.09338250287590154,0.470353727090986,-0.09344057376216824,0.470057473449369,-0.09344663934900378
2.7519903961584635,0.4708268653496668,-0.09393291765213996,0.4711146315034627,-0.0939913128529155,0.47087639687176364,-0.09399648059173438
2.7619939975990397,0.47157800294360663,-0.09448329716057462,0.47186267009275906,-0.09454202132486726,0.47169532029415834,-0.09454632183446497
2.771997599039616,0.4723197686301327,-0.09503361571679972,0.4726107086820554,-0.09509272979681904,0.472514243716553,-0.09509616307719557
2.782001200480192,0.4730521464429538,-0.09558384745361638,0.4733397074287507,-0.09564324818256778,0.47333316713894763,-0.09564600431992615
2.7920048019207684,0.4737751205656134,-0.09613396631957205,0.4740616775635211,-0.09619369639745524,0.4740294838965071,-0.09619430187084994
2.8020084033613446,0.47448867533113576,-0.0966839460774963,0.4747836476982914,-0.09674414461234272,0.47465462533549524,-0.0967417032816147
2.812012004801921,0.4751927952216637,-0.09723376030303373,0.47548056501627356,-0.09729415064014138,0.47527976677448336,-0.09728910469237946
2.822015606242497,0.475887464868087,-0.0977833823831739,0.4761763479791798,-0.09784413664635233,0.4759049082134714,-0.09783650610314422
2.8320192076830732,0.47657266904966417,-0.09833278551477874,0.47686731725569886,-0.09839400029243175,0.47653004965245954,-0.09838390751390898
2.8420228091236495,0.47724839269363406,-0.098881942703108,0.47753679404434274,-0.0989433176163307,0.47715519109144766,-0.09893130892467374
2.8520264105642257,0.47791462087482633,-0.099430826760347,0.47820627083298656,-0.09949263494022963,0.4777803325304358,-0.0994787103354385
2.862030012004802,0.47857133881644476,-0.09997941030509741,0.47886493473296815,-0.10004159258356679,0.4784054739694239,-0.10002611174620325
2.872033613445378,0.4792185318891018,-0.10052766576048032,0.47950799294333646,-0.1005900311183306,0.47903061540841196,-0.10057351315696801
2.8820372148859543,0.4798561856094344,-0.10107556535189972,0.48015105115370477,-0.10113846965309443,0.4796557568474001,-0.10112091456773277
2.8920408163265305,0.480484285640293,-0.10162308110607819,0.48077724621524337,-0.1016862131250678,0.4802808982863882,-0.10166831597849753
2.9020444177671068,0.48110281779039227,-0.10217018484966504,0.48139377315555537,-0.10223355809784114,0.4809060397253763,-0.10221571738926229
2.912048019207683,0.4817117680139561,-0.10271684820784881,0.4820103000958673,-0.10278090307061448,0.48153118116436444,-0.10276311880002705
2.922051620648259,0.48231112241035795,-0.10326304260297588,0.482603868236761,-0.10332711709062345,0.48215632260335256,-0.1033105202107918
2.9320552220888354,0.48290086722375725,-0.10380873925317706,0.48319375772970097,-0.1038731499000649,0.4827814640423406,-0.10385792162155656
2.9420588235294116,0.48348098884273366,-0.10435390917100357,0.48378128831479755,-0.10441904726679571,0.48340660548132874,-0.10440532303232132
2.952062424969988,0.4840514737999206,-0.10489852316207433,0.48434443389065074,-0.10496354450602269,0.48403174692031686,-0.10495272444308608
2.962066026410564,0.4846123087716387,-0.1054425518237363,0.4849075794665039,-0.10550804174524968,0.484656888359305,-0.10550012585385084
2.9720696278511403,0.4851634805775308,-0.10598596554373928,0.4854622824121978,-0.10605198450911696,0.4852820297982931,-0.1060475272646156
2.9820732292917165,0.4857049761801993,-0.10652873449892734,0.4859985840321163,-0.10659471875365606,0.4859071712372812,-0.10659492867538035
2.992076830732293,0.4862367826848483,-0.1070708286539482,0.48653488565203484,-0.10713745299819517,0.48653231267626934,-0.10714233008614514
3.0020804321728694,0.48675888733893025,-0.10761221775998228,0.48705661548066265,-0.10767910813070274,0.48700993039900126,-0.10767842261300337
3.0120840336134456,0.48727127753179883,-0.10815287135349361,0.48756597280920144,-0.10821984701939098,0.48742881495298435,-0.10821001276828571
3.022087635054022,0.48777394079437053,-0.10869275875500355,0.48807533013774024,-0.10876058590807922,0.4878476995069675,-0.10874160292356803
3.032091236494598,0.4882668647987944,-0.10923184906788969,0.488563945972422,-0.1092996126604998,0.48826658406095064,-0.10927319307885038
3.042094837935174,0.48875003735813166,-0.10977011117721126,0.48904626502417925,-0.1098381196359704,0.4886854686149337,-0.10980478323413272
3.0520984393757504,0.48922344642604804,-0.1103075137485629,0.4895285840759365,-0.11037662661144101,0.48910435316891687,-0.11033637338941504
3.0621020408163266,0.48968708009651746,-0.11084402522695852,0.48998394909722565,-0.11091267633699392,0.48952323772289996,-0.11086796354469738
3.072105642256903,0.4901409266035403,-0.11137961383574672,0.4904391355893701,-0.11144870978703186,0.4899421222768831,-0.11139955369997971
3.082109243697479,0.49058497432087683,-0.11191424757555997,0.49088834106247603,-0.11198414569763257,0.4903610068308662,-0.11193114385526205
3.0921128451380553,0.4910192117617969,-0.11244789422329868,0.4913163069872591,-0.11251745965080927,0.49077989138484934,-0.1124627340105444
3.1021164465786315,0.49144362757884763,-0.11298052133115229,0.4917442729120421,-0.11305077360398597,0.4911987759388325,-0.11299432416582672
3.1121200480192077,0.49185821056363904,-0.11351209622565878,0.4921600583066388,-0.1135827625749964,0.4916176604928156,-0.11352591432110906
3.122123649459784,0.4922629496466516,-0.11404258600680477,0.49256071536501234,-0.11411310590534963,0.4920365450467987,-0.11405750447639139
3.13212725090036,0.4926578338970635,-0.11457195754716727,0.49296137242338584,-0.11464344923570287,0.4924554296007818,-0.11458909463167373
3.1421308523409364,0.4930428525226015,-0.11510017749109933,0.4933436136505911,-0.11517162345356029,0.49287431415476496,-0.11512068478695607
3.1521344537815126,0.4934179948694152,-0.11562721225396103,0.4937168797533021,-0.11569874053451665,0.49329319870874805,-0.1156522749422384
3.162138055222089,0.493783250421977,-0.11615302802139763,0.4940901458560131,-0.116225857615473,0.4937120832627312,-0.11618386509752074
3.172141656662665,0.4941386088030083,-0.11667759074866649,0.4944387234261969,-0.11674984105563112,0.49413096781671434,-0.11671545525280308
3.1821452581032412,0.4944840597734327,-0.11720086616001457,0.49478451621013286,-0.11727347103128943,0.49454985237069743,-0.1172470454080854
3.1921488595438174,0.4948195932323592,-0.11772281974810817,0.4951268669333281,-0.11779663215709837,0.4949687369246806,-0.11777863556336775
3.2021524609843937,0.4951451992170948,-0.1182434167735165,0.49544511019417464,-0.11831650955814403,0.49538762147866366,-0.11831022571865007
3.21215606242497,0.4954608679031884,-0.11876262226425116,0.49576335345502126,-0.11883638695918969,0.49577458777591576,-0.11883724495631875
3.222159663865546,0.4957665896043418,-0.11928040101536928,0.496071893233162,-0.11935485119072828,0.49597572704920795,-0.1193376524644036
3.2321632653061223,0.4960623547722493,-0.11979671758875977,0.4963625105266814,-0.11987070527604152,0.4961768663225001,-0.11983805997248845
3.2421668667466985,0.49634815399753196,-0.12031153631287819,0.4966531278202008,-0.12038655936135476,0.49637800559579226,-0.1203384674805733
3.2521704681872747,0.4966239780094915,-0.12082482128248116,0.49692774914874327,-0.12089993070935488,0.4965791448690844,-0.12083887498865814
3.262174069627851,0.4968898176763335,-0.12133653635853356,0.49719067015829754,-0.12141148604821965,0.49678028414237657,-0.12133928249674299
3.272177671068427,0.4971456640054701,-0.12184664516818973,0.4974535911678518,-0.12192304138708442,0.4969814234156687,-0.12183969000482783
3.282181272509004,0.49739150814386146,-0.12235511110484915,0.4976941917568448,-0.12243091551950255,0.4971825626889609,-0.12234009751291271
3.29218487394958,0.49762734137839987,-0.1228618973282898,0.4979293459824046,-0.1229378914077265,0.497383701962253,-0.12284050502099755
3.3021884753901563,0.4978531551363407,-0.12336696676488329,0.4981636608915886,-0.12344472058381357,0.49758484123554514,-0.1233409125290824
3.3121920768307325,0.4980689409857807,-0.12387028210789482,0.49837098395579255,-0.12394683159715657,0.4977859805088373,-0.12384132003716725
3.3221956782713087,0.4982746906361891,-0.12437180581787172,0.4985783070199965,-0.12444894261049957,0.49798711978212945,-0.1243417275452521
3.332199279711885,0.49847039593899384,-0.12487150012312415,0.49877847592536395,-0.12494973143004838,0.49818825905542163,-0.12484213505333695
3.342202881152461,0.49865604888822473,-0.12536932702030143,0.49895790335366674,-0.12544668691951827,0.49838939832871376,-0.1253425425614218
3.3522064825930373,0.4988316416212186,-0.1258652482750675,0.49913733078196953,-0.12594364240898817,0.4985905376020059,-0.12584295006950663
3.3622100840336135,0.49899716641938907,-0.12635922542287928,0.49930326299698574,-0.12643796640649474,0.4987916768752981,-0.1263433575775915
3.3722136854741898,0.49915261570906183,-0.12685121976987104,0.49945473646632355,-0.12692947102854985,0.4989928161485902,-0.12684376508567635
3.382217286914766,0.4992979820623822,-0.1273411923938488,0.49960620993566135,-0.12742097565060495,0.4991939554218824,-0.12734417259376118
3.392220888355342,0.4994332581982946,-0.12782910414539814,0.49973782075875817,-0.1279084021807403,0.4993950946951745,-0.12784458010184604
3.4022244897959184,0.4995584369835994,-0.12831491564910857,0.49986128197286,-0.12839415547689717,0.4995962339684667,-0.12834498760993088
3.4122280912364946,0.49967351143408856,-0.12879858730491878,0.49998474318696184,-0.12887990877305405,0.4997973732417588,-0.12884539511801574
3.422231692677071,0.4997784747157648,-0.12928007928958557,0.5000819537569066,-0.12935999708293447,0.49999851251505095,-0.12934580262610057
3.432235294117647,0.49987332014614516,-0.12975935155828047,0.500177350642054,-0.1298396939929153,0.5001996517883431,-0.12984621013418543
3.4422388955582233,0.4999580411956546,-0.1302363638463174,0.5002682017507606,-0.13031836159846055,0.5001861268603118,-0.1302979655417915
3.4522424969987995,0.5000326314891103,-0.13071107567101478,0.5003354824308884,-0.13079169212969083,0.5001592672440417,-0.13074669873801792
3.4622460984393757,0.5000970848073019,-0.13118344633369625,0.5004027631110164,-0.1312650226609211,0.5001324076277716,-0.13119543193424432
3.472249699879952,0.5001513950886686,-0.13165343492183249,0.5004591175358324,-0.13173576115961988,0.5001055480115014,-0.13164416513047072
3.482253301320528,0.5001955564310779,-0.13212100031132876,0.5004982364802802,-0.1322024108900687,0.5000786883952314,-0.13209289832669716
3.4922569027611043,0.5002295630937089,-0.13258610116896102,0.5005373554247281,-0.1326690606205175,0.5000518287789613,-0.13254163152292356
3.5022605042016806,0.5002534094990414,-0.1330486959549645,0.500559147288807,-0.13313141041522095,0.5000249691626911,-0.13299036471914996
3.5122641056422568,0.5002670902349564,-0.13350874292577788,0.500570059392397,-0.13359106025874795,0.49999810954642104,-0.1334390979153764
3.522267707082833,0.5002706000569491,-0.1339662001369471,0.500580971495987,-0.13405071010227493,0.49997124993015096,-0.1338878311116028
3.532271308523409,0.500263933889913,-0.13442102544603157,0.5005681407686476,-0.13450420418531675,0.4999443903138808,-0.13433656430782923
3.5422749099639854,0.5002470868307564,-0.13487317651590772,0.5005508074566988,-0.1349565308914564,0.49991753069761075,-0.13478529750405563
3.5522785114045616,0.5002200541514212,-0.1353226108183246,0.5005315821425059,-0.13540834580694341,0.4998906710813406,-0.13523403070028203
3.5622821128451383,0.5001828313012328,-0.13576928563738844,0.5004859655615668,-0.13585302182834352,0.49986381146507053,-0.13568276389650846
3.5722857142857145,0.5001354139096977,-0.13621315807332457,0.5004403489806275,-0.13629769784974363,0.49983695184880045,-0.1361314970927349
3.5822893157262907,0.5000777977894323,-0.1366541850464234,0.5003864306683529,-0.13674003355032519,0.4998100922325303,-0.1365802302889613
3.592292917166867,0.5000099789392187,-0.13709232330117335,0.5003124997540426,-0.13717672754711197,0.49978323261626023,-0.13702896348518773
3.602296518607443,0.499931953547197,-0.13752752941058524,0.5002385688397323,-0.13761342154389875,0.4997563729999901,-0.13747769668141413
3.6123001200480194,0.4998437179941947,-0.1379597597807114,0.500149912974639,-0.13804579473978598,0.49972951338372,-0.13792642987764053
3.6223037214885956,0.49974526885719706,-0.13838897065536393,0.5000476377590864,-0.13847417155547592,0.4997026537674499,-0.13837516307386696
3.632307322929172,0.4996366029129639,-0.13881511812103567,0.499945362543534,-0.1389025483711659,0.4996757941511798,-0.13882389627009337
3.642310924369748,0.49951771714179427,-0.13923815811202742,0.4998219309138218,-0.13932446975025095,0.4996489345349097,-0.13927262946631977
3.6523145258103242,0.4993886087314435,-0.13965804641578594,0.49969128856206946,-0.13974419092855273,0.4996220749186396,-0.1397213626625462
3.6623181272509004,0.4992492750811972,-0.14007473867845596,0.4995606462103171,-0.14016391210685447,0.4995679606719553,-0.14016146185772563
3.6723217286914767,0.4990997138061044,-0.1404881904106505,0.49940240716545176,-0.14057488690511838,0.49930461364792644,-0.14053527815010275
3.682325330132053,0.4989399227413737,-0.14089835699344277,0.499243376405855,-0.14098561078063968,0.49904126662389764,-0.14090909444247987
3.692328931572629,0.498769899946938,-0.14130519368458433,0.4990787102287577,-0.1413944811301047,0.4987779195998688,-0.14128291073485702
3.7023325330132053,0.4985896437121877,-0.14170865562495236,0.4988912773636758,-0.14179586336544311,0.49851457257584,-0.14165672702723414
3.7123361344537815,0.49839915256088047,-0.1421086978452309,0.4987038444985939,-0.1421972456007815,0.49825122555181117,-0.1420305433196113
3.7223397358943577,0.4981984252562276,-0.14250527527282902,0.49850434379029435,-0.14259451296627604,0.4979878785277823,-0.1424043596119884
3.732343337334934,0.49798746080616224,-0.1428983427390403,0.4982884972556835,-0.14298620676352403,0.4977245315037535,-0.14277817590436553
3.74234693877551,0.4977662584687935,-0.14328785498644753,0.4980726507210727,-0.14337790056077201,0.4974611844797247,-0.14315199219674268
3.7523505402160864,0.4975348177580489,-0.14367376667657558,0.49783830397248624,-0.14376305994672015,0.49719783745569585,-0.1435258084891198
3.7623541416566626,0.49729313844950956,-0.14405603239779796,0.49759404032833976,-0.14414471661240288,0.49693449043166704,-0.14389962478149695
3.772357743097239,0.49704122058644157,-0.14443460667349897,0.4973497766841933,-0.14452637327808562,0.49667114340763824,-0.14427344107387408
3.782361344537815,0.49677906448592535,-0.1448094439704449,0.4970805813712952,-0.1448989168026622,0.4964077963836094,-0.1446472573662512
3.7923649459783912,0.49650667074488963,-0.14518049870723573,0.49680789999634434,-0.1452701860854017,0.4961444493595806,-0.14502107365862835
3.8023685474189675,0.4962240402471521,-0.145547725263458,0.49653227448006854,-0.14564034250557034,0.49588110233555177,-0.14539488995100547
3.8123721488595437,0.49593117417012383,-0.14591107798885314,0.49623118354685714,-0.1460008731957785,0.4956177553115229,-0.14576870624338262
3.82237575030012,0.49562807399175507,-0.14627051121272994,0.49593009261364573,-0.14636140388598667,0.4953544082874941,-0.14614252253575974
3.832379351740696,0.4953147414977077,-0.14662597925365878,0.4956196322319808,-0.14671827548715505,0.49509106126346525,-0.14651633882813686
3.8423829531812728,0.49499117878873883,-0.14697743642944028,0.4952901435418995,-0.14706771588518297,0.49482771423943644,-0.146890155120514
3.852386554621849,0.49465738828829364,-0.14732483706734847,0.4949606548518182,-0.1474171562832109,0.49456436721540764,-0.14726397141289116
3.862390156062425,0.49431337275030957,-0.1476681355146485,0.4946153820832819,-0.14776023226711205,0.4943010201913788,-0.14763778770526828
3.8723937575030014,0.49395913526722907,-0.14800728614938796,0.4942575170301927,-0.14809823082353304,0.49403767316735,-0.14801160399764543
3.8823973589435776,0.49359467927822437,-0.14834224339146299,0.49389965197710356,-0.14843622937995407,0.4937743261433212,-0.14838542029002255
3.892400960384154,0.49322000857763043,-0.14867296171395783,0.49351960147633983,-0.14876499967120646,0.4935109791192923,-0.14875923658239967
3.90240456182473,0.49283512732358953,-0.1489993956547588,0.49313338602603984,-0.14909120558828415,0.4930822809377476,-0.14906302204205546
3.9124081632653063,0.49244004004690495,-0.14932149982844156,0.4927469200357408,-0.14941730406498058,0.492576990718079,-0.14933436863469499
3.9224117647058825,0.4920347516601052,-0.14963922893843268,0.49233239068061774,-0.1497313679818165,0.4920717004984103,-0.14960571522733448
3.9324153661464587,0.4916192674667182,-0.14995253778944428,0.49191786132549464,-0.15004543189865244,0.4915664102787417,-0.149877061819974
3.942418967587035,0.491193593170755,-0.1502613813001827,0.4914966837869002,-0.15035655894776953,0.49106112005907304,-0.15014840841261354
3.952422569027611,0.49075773488640484,-0.1505657145163302,0.49105388267228606,-0.15065813367591785,0.49055582983940443,-0.15041975500525304
3.9624261704681873,0.490311699147938,-0.15086549262380017,0.4906110815576719,-0.15095970840406614,0.49005053961973577,-0.15069110159789256
3.9724297719087636,0.48985549291982106,-0.15116067096226574,0.4901552590439506,-0.15125536103715528,0.48954524940006716,-0.15096244819053206
3.98243337334934,0.48938912360704034,-0.15145120503896128,0.4896842399143302,-0.15154410229281176,0.4890399591803985,-0.1512337947831716
3.992436974789916,0.4889125990656359,-0.15173705054275702,0.48921322078470986,-0.1518328435484682,0.48853466896072983,-0.15150514137581111
4.002440576230493,0.4884259276134455,-0.15201816335850668,0.48872283609229233,-0.1521125242507162,0.48802937874106117,-0.15177648796845064
4.012444177671069,0.4879291180410587,-0.15229449958166796,0.4882236595648079,-0.15238809152274704,0.4875240885213925,-0.15204783456109017
4.022447779111645,0.48742217962298007,-0.15256601553319568,0.4877244830373236,-0.15266365879477786,0.4870187983017239,-0.15231918115372967
4.032451380552222,0.4869051221289993,-0.1528326677746956,0.4871996359269011,-0.15292687709717698,0.48651350808205523,-0.1525905277463692
4.0424549819927975,0.4863779558355206,-0.15309441312348315,0.4866723754271107,-0.1531889344258621,0.4860082178623866,-0.1528618743390087
4.052458583433374,0.4858406915371581,-0.15335120866829574,0.4861411842587606,-0.15344904899223086,0.48550292764271796,-0.15313322093164822
4.06246218487395,0.4852933405589629,-0.15360301178537936,0.48558592143876567,-0.15369726596484484,0.48499763742304935,-0.15340456752428772
4.072465786314527,0.4847359147684536,-0.15384978015451198,0.4850306586187707,-0.15394548293745883,0.4844923472033807,-0.15367591411692724
4.082469387755102,0.4841684265878076,-0.15409147177530408,0.48446516321594163,-0.15418850619937363,0.4839870569837121,-0.15394726070956677
4.092472989195679,0.48359088900624253,-0.1543280449837421,0.48388199387458314,-0.15442255877176422,0.4834817667640434,-0.1542186073022063
4.102476590636255,0.4830033155925787,-0.1545594584689643,0.4832988245332247,-0.1546566113441548,0.4829764765443748,-0.1544899538948458
4.1124801920768315,0.4824057205079718,-0.15478567129025958,0.48269916980811933,-0.15488207702974327,0.48247118632470615,-0.15476130048748532
4.122483793517407,0.4817981185188054,-0.15500664289427926,0.4820881994478275,-0.1551016486409242,0.48196589610503754,-0.15503264708012482
4.132487394957984,0.48118052500973313,-0.15522233313245187,0.4814772290875356,-0.1553212202521052,0.4814606058853689,-0.15530399367276435
4.14249099639856,0.48055295599686004,-0.155432702278591,0.4808435810742032,-0.1555286753551481,0.48079531384466295,-0.15548985528431145
4.152494597839136,0.47991542814105287,-0.15563771104668658,0.48020493079685606,-0.155733457784236,0.4800483725175887,-0.1556320937192212
4.162498199279712,0.4792679587613696,-0.15583732060886943,0.47956502473851353,-0.15593755241934623,0.4793014311905145,-0.15577433215413095
4.172501800720289,0.4786105658485954,-0.15603149261353938,0.4788988269311987,-0.15612724700646174,0.47855448986344024,-0.1559165705890407
4.1825054021608645,0.4779432680788793,-0.15622018920364675,0.4782326291238839,-0.15631694159357723,0.477807548536366,-0.15605880902395045
4.192509003601441,0.47726608482745553,-0.15640337303511798,0.47755898207129216,-0.15650245558181958,0.4770606072092917,-0.1562010474588602
4.202512605042017,0.47657903618244457,-0.15658100729541458,0.476865386264916,-0.1566767741087107,0.4763136658822175,-0.15634328589376997
4.212516206482594,0.47588214295871917,-0.15675305572221637,0.4761717904585397,-0.15685109263560185,0.4755667245551432,-0.15648552432867974
4.222519807923169,0.4751754267118287,-0.15691948262221864,0.4754646260703327,-0.15701761316333598,0.474819783228069,-0.15662776276358947
4.232523409363746,0.4744589097519681,-0.15708025289003336,0.4747437947401481,-0.15717627916335683,0.47407284190099475,-0.15677000119849924
4.242527010804322,0.47373261515798437,-0.1572353320271849,0.4740229634099636,-0.15733494516337765,0.47332590057392054,-0.15691223963340897
4.2525306122448985,0.472996566791407,-0.15738468616118992,0.47328253128216924,-0.15748207979034531,0.47257895924684623,-0.15705447806831874
4.262534213685474,0.47225078931049536,-0.15752828206471173,0.4725346456517492,-0.15762482943660752,0.47183201791977203,-0.1571967165032285
4.272537815126051,0.4714953081842895,-0.15766608717477945,0.471786760021329,-0.15776757908286973,0.47108507659269777,-0.15733895493813826
4.282541416566628,0.4707301497070842,-0.15779806961202905,0.47101333732520406,-0.1578949578992195,0.47033813526562346,-0.157481193373048
4.292545018007203,0.46995534101235326,-0.15792419819960896,0.470238593263004,-0.15802154138170332,0.46959119393854926,-0.15762343180795776
4.30254861944778,0.4691709100854673,-0.15804444248254967,0.4694591306900742,-0.15814522012256843,0.468844252611475,-0.15776567024286753
4.312552220888356,0.4683768857790197,-0.1581587727471968,0.46865774443677916,-0.15825540252307532,0.4680973112844008,-0.15790790867777726
4.322555822328932,0.4675732978265358,-0.15826716004035077,0.4678563581834841,-0.15836558492358224,0.4673503699573265,-0.15805014711268703
4.332559423769508,0.4667601768560721,-0.15836957618837458,0.46704431800731905,-0.15846906276047323,0.4666034286302523,-0.1581923855475968
4.342563025210085,0.46593755440374734,-0.15846599381625484,0.4662165221451108,-0.1585626254702625,0.465856487303178,-0.15833462398250653
4.352566626650661,0.4651054629271886,-0.15855638636659566,0.4653887262829026,-0.15865618818005178,0.4651095459761038,-0.1584768624174163
4.362570228091237,0.4642639358188636,-0.15864072811852548,0.46454446018648404,-0.15873915835725433,0.4643626046490295,-0.15861910085232606
4.372573829531813,0.4634130074192836,-0.15871899420649713,0.46369050926331595,-0.15881589991368364,0.4636156633219553,-0.1587613392872358
4.38257743097239,0.46255271303004863,-0.1587911606389609,0.46283655834014775,-0.15889264147011295,0.46285307609560616,-0.15889330445227637
4.3925810324129655,0.46168308892671805,-0.15885720431689052,0.4619604514732598,-0.15895482724045643,0.4618752981339713,-0.15888397300929866
4.402584633853542,0.4608041723714788,-0.15891710305214246,0.4610806180171923,-0.15901456475422313,0.46089752017233643,-0.15887464156632092
4.412588235294118,0.45991600162559476,-0.1589708355856284,0.46019867819339527,-0.15907288897550725,0.4599197422107016,-0.1588653101233432
4.422591836734695,0.45901861596160926,-0.15901838160528065,0.45929325820337613,-0.15911545889997733,0.4589419642490667,-0.15885597868036547
4.43259543817527,0.45811205567528324,-0.1590597217637907,0.4583878382133571,-0.15915802882444743,0.45796418628743185,-0.15884664723738776
4.442599039615847,0.4571963620972433,-0.15909483769610153,0.45747461888820556,-0.1591952562872784,0.45698640832579696,-0.15883731579441002
4.452602641056423,0.45627157760431963,-0.15912371203663223,0.45654392786218706,-0.15922051582078367,0.4560086303641621,-0.1588279843514323
4.462606242496999,0.4553377456305502,-0.15914632843621668,0.4556132368361685,-0.15924577535428894,0.4550308524025272,-0.15881865290845457
4.472609843937575,0.4543949106778292,-0.1591626715787352,0.45466920958307516,-0.15926171007931023,0.4540530744408924,-0.15880932146547685
4.482613445378152,0.45344311832617773,-0.15917272719741918,0.45371358784175525,-0.15926953783512834,0.4530752964792575,-0.15879999002249912
4.492617046818728,0.4524824152436146,-0.1591764820908096,0.4527579661004354,-0.15927736559094646,0.45209751851762264,-0.1587906585795214
4.502620648259304,0.4515128491956038,-0.15917392413834844,0.4517836411291744,-0.15927184857284307,0.45111974055598775,-0.15878132713654367
4.51262424969988,0.4505344690540583,-0.15916504231558354,0.4508034498239944,-0.15926214591941648,0.4501419625943529,-0.15877199569356595
4.522627851140457,0.4495473248058753,-0.15914982670896707,0.4498232585188143,-0.1592524432659899,0.449164184632718,-0.15876266425058821
4.5326314525810325,0.44855146756098335,-0.15912826853022702,0.4488191860696318,-0.15922535423345124,0.44818640667108317,-0.1587533328076105
4.542635054021609,0.447546949559877,-0.1591003601302924,0.4478148123040656,-0.1591980458311505,0.4472086287094483,-0.15874400136463276
4.552638655462185,0.44653382418061793,-0.15906609501275182,0.4468053547278046,-0.15916696167967626,0.44623085074781343,-0.15873466992165505
4.562642256902762,0.4455121459452793,-0.1590254678468253,0.44577720751014416,-0.15912199672061464,0.44525307278617854,-0.1587253384786773
4.572645858343338,0.4444819705258118,-0.15897847447983013,0.4447490602924838,-0.15907703176155305,0.44427529482454364,-0.1587160070356996
4.582649459783914,0.44344335475171304,-0.15892511194936038,0.44371064104827823,-0.1590242838984969,0.4432975168629088,-0.15870667559272186
4.592653061224491,0.4423963566180164,-0.15886537849515628,0.44265915617480217,-0.1589616364759144,0.4423197389012739,-0.15869734414974415
4.6026566626650665,0.4413410352827918,-0.1587992735691777,0.44160767130132617,-0.15889898905333194,0.44134196093963907,-0.1586880127067664
4.612660264105643,0.4402774510736961,-0.15872679784607352,0.44054093852630605,-0.15882455717589036,0.44036418297800417,-0.1586786812637887
4.622663865546219,0.43920566549128137,-0.15864795323295663,0.43946657444433834,-0.15874422738574387,0.43938640501636933,-0.15866934982081096
4.6326674669867955,0.4381257412115283,-0.15856274287853506,0.4383922103623706,-0.15866389759559738,0.43840862705473443,-0.15866001837783325
4.642671068427371,0.4370377420877196,-0.15847117118159806,0.43729785433932833,-0.15856780520843908,0.4372442970025236,-0.15850410788732885
4.652674669867948,0.435941733151639,-0.15837324379884665,0.4362010967582834,-0.15846981931875126,0.43606314048827777,-0.15833497638830774
4.662678271308524,0.4348377806140867,-0.15826896765205686,0.4351017335612166,-0.15836973763708936,0.4348819839740321,-0.15816584488928662
4.6726818727491,0.43372595186469665,-0.15815835093456573,0.4339830911940153,-0.15825414901591894,0.4337008274597863,-0.1579967133902655
4.682685474189676,0.43260631547104683,-0.15804140311706824,0.4328644488268141,-0.15813856039474852,0.43251967094554056,-0.15782758189124438
4.692689075630253,0.43147894117704816,-0.15791813495271448,0.4317384333499269,-0.1580169201806466,0.4313385144312948,-0.15765845039222326
4.702692677070829,0.4303438999006024,-0.1577885584814966,0.4305984422216973,-0.15788380923621778,0.43015735791704907,-0.15748931889320217
4.712696278511405,0.4292012637305151,-0.1576526870339136,0.4294584510934676,-0.15775069829178895,0.42897620140280324,-0.15732018739418102
4.722699879951981,0.4280511059226549,-0.15751053523390415,0.4283065750652717,-0.15760763221846408,0.4277950448885575,-0.15715105589515993
4.732703481392558,0.42689350089534334,-0.1573621190010353,0.4271457941059476,-0.15745710712256084,0.42661388837431174,-0.1569819243961388
4.7427070828331335,0.4257285242239679,-0.1572074555519373,0.4259850131466236,-0.15730658202665762,0.425432731860066,-0.1568127928971177
4.75271068427371,0.4245562526348021,-0.15704656340097242,0.42480810992838397,-0.1571422691302945,0.4242515753458202,-0.15664366139809657
4.762714285714286,0.42337676399802543,-0.15687946236012804,0.4236271249547823,-0.15697446550544517,0.42307041883157454,-0.15647452989907545
4.772717887154863,0.4221901373199261,-0.15670617353812166,0.4224456642479585,-0.15680624637729748,0.4218892623173287,-0.15630539840005434
4.782721488595438,0.4209964527342809,-0.15652671933870846,0.42124508338723027,-0.15662132779104004,0.420708105803083,-0.15613626690103322
4.792725090036015,0.4197957914928945,-0.15634112345817872,0.42004450252650194,-0.15643640920478258,0.4195269492888372,-0.1559671354020121
4.802728691476591,0.41858823595529115,-0.15614941088203585,0.4188391701898124,-0.15624724977208154,0.4183457927745915,-0.155798003902991
4.812732292917167,0.4173738695775433,-0.1559516078808426,0.41761962751857856,-0.15604540715478582,0.41716463626034567,-0.15562887240396986
4.822735894357743,0.41615277690022934,-0.1557477420052257,0.41640008484734475,-0.15584356453749013,0.41598347974609995,-0.15545974090494877
4.83273949579832,0.41492504353649573,-0.1555378420803603,0.41517181205197823,-0.1556337553148246,0.4148023232318542,-0.15529060940592765
4.8427430972388965,0.41369075616007567,-0.15532193820002033,0.413933962839014,-0.15541520720841617,0.41362116671760835,-0.15512147790690653
4.852746698679472,0.4124500024884774,-0.1551000617184433,0.41269611362604997,-0.15519665910200775,0.41244001020336263,-0.1549523464078854
4.862750300120049,0.41120287126879457,-0.1548722452424602,0.41144586943613193,-0.1549665363572355,0.41125885368911685,-0.1547832149088643
4.872753901560625,0.4099494522619188,-0.15463852262261132,0.41019039343189945,-0.15473152805608806,0.41007769717487114,-0.15461408340984317
4.882757503001201,0.40868983622590244,-0.15439892894343593,0.40893491742766686,-0.1544965197549406,0.4088965406606253,-0.15444495191082205
4.892761104441777,0.4074241148985254,-0.154153500512959,0.40766370741865093,-0.1542464646674589,0.40768009301938946,-0.15424184436495045
4.902764705882354,0.406152380979079,-0.1539022748513847,0.40639130391574935,-0.15399526821465193,0.40634402493295707,-0.15392357388162434
4.91276830732293,0.4048747281093799,-0.15364529067900695,0.4051163755952436,-0.15374159605584167,0.4050079568465248,-0.15360530339829825
4.922771908763506,0.4035912508540272,-0.15338258790334716,0.4038277663725112,-0.15347450910947788,0.40367188876009247,-0.15328703291497214
4.932775510204082,0.402302044679918,-0.15311420760552966,0.40253915714977895,-0.15320742216311412,0.4023358206736602,-0.15296876243164606
4.942779111644659,0.4010072059350311,-0.15284019202590485,0.4012446381196801,-0.15293438685288904,0.4009997525872278,-0.15265049194831995
4.952782713085234,0.3997068318264965,-0.1525605845489306,0.3999405623299507,-0.1526517324332594,0.3996636845007956,-0.15233222146499387
4.962786314525811,0.3984010203979602,-0.15227542968732136,0.39863648654022116,-0.15236907801362978,0.3983276164143632,-0.15201395098166776
4.972789915966387,0.3970898705062609,-0.15198477306547642,0.3973234626610024,-0.15207716335542265,0.396991548327931,-0.15169568049834165
4.9827935174069635,0.3957734817974285,-0.15168866140219636,0.3960046794452959,-0.15177928844950145,0.3956554802414986,-0.15137741001501553
4.992797118847539,0.39445195468202227,-0.15138714249269897,0.39468589622958944,-0.15148141354358027,0.39431941215506633,-0.15105913953168945
5.002800720288116,0.39438400376499533,-0.1515639573185368,0.3933554825260104,-0.15117114317137528,0.392983344068634,-0.15074086904836334
5.012804321728692,0.3930482411264945,-0.15125077203323745,0.39202276574927863,-0.15085841824473312,0.3916472759822017,-0.15042259856503726
5.022807923169268,0.3917076301715587,-0.1509323123235614,0.39068924707943237,-0.15054481118785554,0.3903112078957694,-0.15010432808171115
5.032811524609844,0.3903622744400408,-0.1506086302635061,0.38934338764147286,-0.15021762855028684,0.3889751398093371,-0.14978605759838506
5.042815126050421,0.38901227810607397,-0.15027977890694985,0.38799752820351324,-0.1498904459127181,0.38763907172290474,-0.14946778711505895
5.052818727490997,0.3876577459497578,-0.14994581226581297,0.38664812322117403,-0.14955922809816574,0.3863030036364725,-0.14914951663173287
5.062822328931573,0.38629878332835116,-0.1496067852876455,0.3852899236715484,-0.14921800120413367,0.38496693555004013,-0.14883124614840676
5.072825930372149,0.38493549614699696,-0.14926275383266802,0.38393172412192283,-0.14887677431010163,0.3836308674636079,-0.14851297566508068
5.082829531812726,0.3835679908290035,-0.1489137746502874,0.38256760565086134,-0.14852855624007866,0.38229479937717553,-0.14819470518175457
5.0928331332533014,0.382196374285709,-0.14855990535511346,0.38119788223327,-0.14817371784774955,0.38095873129074326,-0.14787643469842848
5.102836734693878,0.38082075388595255,-0.14820120440249854,0.3798281588156785,-0.1478188794554204,0.37962266320431093,-0.14755816421510237
5.112840336134454,0.3794412374251798,-0.14783773106362616,0.3784505186267724,-0.1474543033913431,0.37828659511787865,-0.1472398937317763
5.1228439375750305,0.37805793309420527,-0.14746954540017065,0.3770700958134431,-0.14708630468410058,0.37695052703144627,-0.14692162324845015
5.132847539015607,0.37667094944765894,-0.14709670823855364,0.37568967300011374,-0.14671830597685803,0.37561445894501394,-0.14660335276512404
5.142851140456183,0.37528039537214264,-0.14671928114382002,0.3742997184406007,-0.14633804317477675,0.37427839085858167,-0.14628508228179796
5.15285474189676,0.373886380054118,-0.14633732639315836,0.3729094307552306,-0.1459573517537389,0.3729408290728538,-0.14596483016665535
5.162858343337335,0.37248901294755693,-0.14595090694908913,0.37151740528605176,-0.14557430953260397,0.37151706871869516,-0.14553022181779693
5.172861944777912,0.3710884037413747,-0.14556008643234514,0.37011809180503336,-0.14518140839872426,0.37009330836453647,-0.14509561346893846
5.182865546218488,0.3696846623266739,-0.14516492909446824,0.368718778324015,-0.14478850726484457,0.3686695480103778,-0.14466100512008
5.1928691476590645,0.3682778987638238,-0.14476549979014577,0.3673160385215092,-0.14439070008075508,0.3672457876562191,-0.14422639677122154
5.20287274909964,0.3668682232502626,-0.1443618639494954,0.365908544526605,-0.14398608550667047,0.3658220273020605,-0.14379178842236312
5.212876350540217,0.36545574608697323,-0.1439540875498967,0.36450105053170073,-0.1435814709325858,0.3643982669479018,-0.14335718007350465
5.222879951980793,0.3640405776422651,-0.14354223708715602,0.36308882472710624,-0.14316962751936826,0.36297450659374314,-0.14292257172464623
5.232883553421369,0.3626228283222054,-0.14312637954788435,0.3616739962254057,-0.14275380793637182,0.36155074623958444,-0.14248796337578776
5.242887154861945,0.36120260853735714,-0.14270658238093764,0.36025916772370525,-0.1423379883533754,0.3601269858854258,-0.1420533550269293
5.252890756302522,0.3597800286694202,-0.14228291346875063,0.35883868680537795,-0.14191285594135963,0.3587032255312671,-0.14161874667807087
5.2628943577430976,0.35835519903799945,-0.14185544109862983,0.3574173720662315,-0.1414863497398243,0.35727946517710846,-0.14118413832921242
5.272897959183674,0.35692822986751643,-0.14142423393402717,0.35599550589788703,-0.14105885043530433,0.35585570482294976,-0.14074952998035395
5.28290156062425,0.3554992312542919,-0.14098936098581802,0.3545685500451992,-0.1406221848031189,0.3544319444687911,-0.14031492163149553
5.292905162064827,0.35406831313381354,-0.14055089158360415,0.3531415941925113,-0.1401855191709334,0.3530081841146324,-0.13988031328263706
5.302908763505402,0.35263558524821714,-0.14010889534706608,0.3517130836297725,-0.13974573428406692,0.3515844237604738,-0.13944570493377864
5.312912364945979,0.35120115711399646,-0.13966344215738483,0.35028133011821805,-0.1392994429857531,0.3501606634063151,-0.13901109658492017
5.322915966386555,0.34976513798996883,-0.13921460212875766,0.34884957660666377,-0.13885315168743936,0.34873690305215643,-0.13857648823606172
5.3329195678271315,0.3483276368455115,-0.13876244558002834,0.34741564303260886,-0.13840185954805478,0.34731314269799773,-0.13814187988720328
5.342923169267707,0.346888762329097,-0.13830704300645566,0.3459799283647297,-0.13794648176105867,0.3458893823438391,-0.13770727153834483
5.352926770708284,0.34544862273714183,-0.13784846505164114,0.34454421369685034,-0.1374911039740625,0.3444656219896804,-0.13727266318948636
5.36293037214886,0.34400732598319644,-0.13738678247963998,0.34310606796285725,-0.1370290902960749,0.34304186163552175,-0.13683805484062794
5.372933973589436,0.342564979567492,-0.13692206614727587,0.3416672231572918,-0.13656516841710412,0.34161810128136305,-0.13640344649176947
5.382937575030012,0.3411216905468699,-0.13645438697668338,0.34022837149552865,-0.13610122279196163,0.3401943409272044,-0.13596883814291105
5.392941176470589,0.3396775655051115,-0.1359838159280992,0.3387872169775799,-0.13562930131497075,0.3387705805730457,-0.13553422979405258
5.402944777911165,0.3382327105236934,-0.13551042397292548,0.33734606245963134,-0.13515737983797993,0.33734682021888707,-0.13509962144519413
5.412948379351741,0.3367872311529849,-0.13503428206708684,0.33590456440603794,-0.13468374910453051,0.33592305986472837,-0.13466501309633566
5.422951980792318,0.33534123238391417,-0.13455546112470412,0.3344619115158725,-0.13420437249900016,0.334495505234584,-0.13420896320811304
5.432955582232894,0.3338948186201195,-0.13407403199210663,0.33301925862570714,-0.1337249958934698,0.3330592177692472,-0.13370356387081275
5.44295918367347,0.3324480936506103,-0.13359006542220528,0.33157628637145814,-0.13324247046716267,0.3316229303039103,-0.1331981645335124
5.452962785114046,0.3310011606229584,-0.13310363204924958,0.33013293247074077,-0.1327561821370368,0.3301866428385736,-0.13269276519621212
5.462966386554623,0.3295541220170398,-0.1326148023639898,0.32868957857002323,-0.1322698938069109,0.32875035537323666,-0.13218736585891178
5.4729699879951985,0.32810707961940716,-0.13212364668899762,0.32724628192134475,-0.13177926094320688,0.3273140679078999,-0.1316819665216115
5.482973589435775,0.3266601344984176,-0.1316302351545509,0.3258030119825658,-0.13128660121621077,0.325877780442563,-0.13117656718431114
5.492977190876351,0.3252133869798106,-0.13113463767562686,0.3243597420437869,-0.13079394148921472,0.32444149297722624,-0.13067116784701086
5.502980792316928,0.3237669366227539,-0.13063692392831877,0.32291724579031855,-0.13029598243698098,0.3230052055118894,-0.1301657685097105
5.512984393757503,0.3223208821964741,-0.1301371633270072,0.3214748277542962,-0.12979748763761656,0.3215689180465526,-0.12966036917241022
5.52298799519808,0.3208753216575624,-0.12963542500204134,0.3200326255081762,-0.12929827942459166,0.3201326305812157,-0.12915496983510988
5.532991596638656,0.3194303521279618,-0.12913177777792972,0.31859181198744285,-0.12879448000664867,0.31869634311587897,-0.1286495704978096
5.5429951980792325,0.3179860698736312,-0.12862629015204308,0.31715099846670936,-0.12829068058870563,0.31726005565054205,-0.12814417116050925
5.552998799519808,0.31654257028389304,-0.1281190302738333,0.3157110282764291,-0.12778515628202264,0.3158237681852053,-0.12763877182320896
5.563002400960385,0.3150999478514615,-0.12761006592457175,0.3142725521894947,-0.1272765760415376,0.3143874807198684,-0.12713337248590864
5.573006002400961,0.31365829615315716,-0.12709946449761048,0.3128340761025604,-0.1267679958010526,0.31295119325453163,-0.12662797314860832
5.583009603841537,0.3122177078313044,-0.1265872929791697,0.3113973921303718,-0.1262569113644468,0.3115149057891948,-0.126122573811308
5.593013205282113,0.31077827457581747,-0.12607361792965568,0.3099619685430822,-0.12574406573984692,0.31007861832385797,-0.1256171744740077
5.60301680672269,0.309340087106973,-0.125558505465511,0.3085265449557925,-0.12523122011524698,0.3086423308585211,-0.12511177513670738
5.6130204081632655,0.3079032351588736,-0.12504202124160288,0.3070941680783492,-0.12471531696923215,0.30720604339318436,-0.12460637579940707
5.623024009603842,0.30646780746359975,-0.12452423043415078,0.3056624901314342,-0.12419871241246082,0.30576975592784744,-0.12410097646210673
5.633027611044418,0.30503389173605605,-0.12400519772419874,0.3042309876382264,-0.12368197829655946,0.3043334684625107,-0.12359557712480644
5.643031212484995,0.3036015746595092,-0.12348498728163419,0.3028037285413515,-0.12316211075733836,0.3028971809971738,-0.12309017778750611
5.65303481392557,0.30217094187182153,-0.1229636627497585,0.3013764694444767,-0.12264224321811733,0.301460893531837,-0.12258477845020581
5.663038415366147,0.30074207795237995,-0.12244128723041095,0.29995055858060454,-0.12212163670472484,0.30002460606650017,-0.12207937911290548
5.673042016806723,0.2993150664097228,-0.12191792326965123,0.2985283678404912,-0.12159899117035702,0.2985883186011634,-0.12157397977560518
5.6830456182472995,0.29788998966986485,-0.1213936328440026,0.29710617710037773,-0.12107634563598918,0.2971520311358265,-0.12106858043830485
5.693049219687876,0.296466929065323,-0.12086847734726062,0.2956867907351884,-0.12055256517347686,0.29572150775367795,-0.12056082895729278
5.703052821128452,0.29504596482484274,-0.12034251757786925,0.2942702963082832,-0.12002761434600288,0.2943408160853113,-0.12003274269824463
5.713056422569029,0.29362717606382727,-0.11981581372686925,0.29285380188137794,-0.11950266351852887,0.2929601244169446,-0.11950465643919642
5.723060024009604,0.2922106407754715,-0.11928842536642197,0.29144183420770853,-0.11897638672224455,0.291579432748578,-0.11897657018014826
5.733063625450181,0.29079643582260034,-0.11876041143891117,0.29003163902756596,-0.11844959073018986,0.29019874108021126,-0.11844848392110006
5.743067226890757,0.289384636930215,-0.1182318302466282,0.28862144384742355,-0.11792279473813522,0.28881804941184464,-0.11792039766205191
5.753070828331333,0.2879753186787454,-0.11770273944204149,0.28721774922893595,-0.11739467704749396,0.2874373577434779,-0.11739231140300371
5.763074429771909,0.2865685544972541,-0.11717319601825808,0.28581443351547736,-0.11686648231762634,0.28605666607511127,-0.11686422514395556
5.773078031212486,0.2851644166564651,-0.1166432562992233,0.28441239066378,-0.11633812216033437,0.2846759744067445,-0.11633613888490735
5.783081632653062,0.2837629762692367,-0.11611297593413367,0.28301650874107076,-0.11580896129817048,0.2832952827383779,-0.1158080526258592
5.793085234093638,0.2823643032823144,-0.11558240988806416,0.28162062681836136,-0.11527980043600654,0.2819145910700112,-0.115279966366811
5.803088835534214,0.28096846647230433,-0.11505161243457698,0.28022791109822354,-0.11475042161332806,0.2805338994016446,-0.11475188010776284
5.813092436974791,0.27957553344277747,-0.1145206371490958,0.2788399938515074,-0.11422071246505835,0.27915320773327784,-0.11422379384871464
5.8230960384153665,0.2781855706219548,-0.11398953690278413,0.2774520766047914,-0.11369100331678869,0.2777725160649112,-0.11369570758966649
5.833099639855943,0.2767986432609598,-0.11345836385691645,0.2760694427491098,-0.11316120361354592,0.27639182439654447,-0.11316762133061829
5.843103241296519,0.2754148154326312,-0.11292716945773573,0.27468999471785494,-0.1126313493066891,0.2750111327281779,-0.11263953507157014
5.853106842737096,0.2740341500308825,-0.11239600443178735,0.2733105466866,-0.11210149499983224,0.27363044105981116,-0.11211144881252193
5.863110444177671,0.2726567087706006,-0.11186491878172183,0.27193870739837256,-0.11157184684561529,0.27224974939144453,-0.11158336255347377
5.873114045618248,0.2712825521880703,-0.11133396178255671,0.2705682093668494,-0.11104223503164652,0.2708690577230778,-0.11105527629442558
5.883117647058824,0.2699117396419177,-0.11080318197839047,0.2691984302346724,-0.11051267021916836,0.26948836605471116,-0.11052719003537742
5.8931212484994004,0.26854432931455846,-0.11027262717955828,0.2678373365803087,-0.10998367326143309,0.2681076743863444,-0.10999910377632922
5.903124849939976,0.26718037821414387,-0.1097423444602226,0.2664762429259452,-0.10945467630369786,0.2667269827179778,-0.10947101751728107
5.913128451380553,0.2658199421769914,-0.10921238015638847,0.2651181268065792,-0.10892597341687726,0.2653462910496111,-0.10894293125823287
5.923132052821129,0.2644630758704922,-0.10868277986433664,0.2637668682058714,-0.10839794780061299,0.2639655993812445,-0.10841484499918472
5.933135654261705,0.263109832796482,-0.10815358843946417,0.26241560960516347,-0.10786992218434867,0.26258490771287774,-0.1078867587401365
5.943139255702281,0.26176026529506863,-0.10762484999552575,0.261069768283714,-0.10734259082512967,0.2612042160445111,-0.10735867248108835
5.953142857142858,0.26041442454890196,-0.10709660790426531,0.2597287492925464,-0.10681587747665246,0.25982352437614437,-0.10683058622204016
5.9631464585834335,0.2590723605878797,-0.1065689047954312,0.258387730301379,-0.10628916412817528,0.2584428327077778,-0.106302499962992
5.97315006002401,0.2577341222942748,-0.10604178255716463,0.2570547338240701,-0.10576368744515972,0.25710828580537726,-0.10578116363607813
5.983153661464587,0.2563997574082777,-0.1055152823367545,0.2557243356781708,-0.10523861129329548,0.2558329344643955,-0.10526848627652197
5.993157262905163,0.25506931253394055,-0.10498944454174836,0.25439393753227163,-0.1047135351414313,0.25455758312341387,-0.10475580891696586
6.003160864345739,0.25374283314551355,-0.10446430884141217,0.2530743146203405,-0.10419036984940586,0.2532822317824321,-0.10424313155740969
6.013164465786315,0.25242036359416403,-0.10393991416853016,0.251754893022206,-0.10366724025799261,0.2520068804414505,-0.10373045419785358
6.023168067226892,0.25110194711506667,-0.10341629872153515,0.25043782340926346,-0.1031445765168183,0.2507315291004687,-0.10321777683829741
6.0331716686674675,0.2497876258348552,-0.1028934999669625,0.2491297114010788,-0.10262368697997613,0.24945617775948706,-0.10270509947874129
6.043175270108044,0.24847744077942444,-0.10237155464221727,0.24782159939289405,-0.10210279744313394,0.2481808264185053,-0.10219242211918514
6.05317887154862,0.24717143188183435,-0.101850498758552,0.2465185326831949,-0.10158300148236343,0.24690547507752367,-0.10167974475962901
6.0631824729891965,0.24586963798681755,-0.10133036760282974,0.24522203861420963,-0.1010646301514008,0.2456301237365419,-0.10116706740007286
6.073186074429772,0.24457209686783998,-0.10081119574439995,0.24392554454522447,-0.10054625882043822,0.24435477239556025,-0.10065439004051674
6.083189675870349,0.24327884523243112,-0.1002930170375099,0.2426369142689242,-0.10002972442502837,0.2430794210545785,-0.10014171268096057
6.093193277310925,0.2419899187291109,-0.09977586462451085,0.2413523247185893,-0.09951413391935246,0.24180406971359686,-0.09962903532140446
6.103196878751501,0.24070535195702966,-0.09925977094028057,0.24006773516825428,-0.09899854341367649,0.2405287183726151,-0.0991163579618483
6.113200480192077,0.2394251784757999,-0.09874476771685367,0.23879393664028753,-0.09848563882605824,0.23925336703163347,-0.09860368060229219
6.123204081632654,0.23814943081550938,-0.09823088598825151,0.23752151454016257,-0.09797307683548677,0.2379780156906517,-0.09809100324273602
6.13320768307323,0.23687814048691014,-0.09771815609550585,0.23625049697293773,-0.09746088394693085,0.23670266434967005,-0.0975783258831799
6.143211284513806,0.235611337991773,-0.09720660769186776,0.2349904845585398,-0.09695158314021181,0.2354273130086883,-0.09706564852362375
6.153214885954382,0.2343490528334037,-0.09669626974819603,0.233730472144142,-0.0964422823334928,0.23415196166770666,-0.09655297116406762
6.163218487394959,0.2330913135273086,-0.0961871705585166,0.23247474724164283,-0.09593416276007,0.2328766103267249,-0.09604029380451146
6.1732220888355345,0.23183814761200622,-0.0956793377457473,0.2312273643040284,-0.09542834144421729,0.23160125898574327,-0.09552761644495535
6.183225690276111,0.23058958165997373,-0.09517279826757936,0.22997998136641387,-0.09492252012836452,0.2303259076447615,-0.09501493908539918
6.193229291716687,0.22934564128872342,-0.09466757842251011,0.22873985737514935,-0.09441878285266263,0.22905055630377985,-0.09450226172584307
6.203232893157264,0.22810635117199915,-0.09416370385601797,0.22750530422141702,-0.09391664496184815,0.2277752049627981,-0.0939895843662869
6.213236494597839,0.22687173505108674,-0.09366119956687456,0.2262707510676848,-0.09341450707103371,0.22649985362181646,-0.0934769070067308
6.223240096038416,0.22564181574622938,-0.09316008991358507,0.2250465022217422,-0.0929154374986678,0.2252245022808347,-0.09296422964717463
6.233243697478992,0.22441661516814218,-0.09266039862095116,0.22382495803310137,-0.09241717329334502,0.22394915093985307,-0.0924515522876185
6.243247298919568,0.22319615432961504,-0.09216214878674793,0.22260365613192878,-0.09191898360170789,0.2226737995988713,-0.09193887492806235
6.253250900360144,0.22198045335720035,-0.09166536288850961,0.22139528191474855,-0.09142476972189574,0.22144177200082346,-0.09143951321945722
6.263254501800721,0.22076953150297338,-0.09117006279041466,0.22018690769756818,-0.09093055584208354,0.22029973556008808,-0.09096781049777937
6.2732581032412975,0.21956340715636172,-0.09067626975026524,0.21898179075715102,-0.09043737314945353,0.2191576991193527,-0.09049610777610154
6.283261704681873,0.21836209785603305,-0.09018400442655271,0.21778672778640998,-0.08994737333792763,0.21801566267861744,-0.09002440505442373
6.29326530612245,0.21716562030183487,-0.08969328688560206,0.21659166481566883,-0.08945737352640167,0.2168736262378821,-0.0895527023327459
6.303268907563026,0.21597399036677903,-0.08920413660878913,0.215402930137666,-0.08896942966085752,0.2157315897971468,-0.08908099961106809
6.313272509003602,0.21478722310906168,-0.08871657249982207,0.2142213028826986,-0.08848379486640648,0.21458955335641144,-0.08860929688939025
6.323276110444178,0.21360533278411317,-0.08823061289208138,0.21303967562773135,-0.08799816007195548,0.21344751691567615,-0.08813759416771245
6.333279711884755,0.2124283328566676,-0.08774627555601025,0.2118674912596409,-0.08751566589291737,0.2123054804749408,-0.08766589144603461
6.343283313325331,0.21125623601284726,-0.08726357770654887,0.21069940589418848,-0.0870345350036264,0.2111634440342055,-0.08719418872435682
6.353286914765907,0.21008905417225127,-0.08678253601060494,0.20953132052873594,-0.08655340411433537,0.21002140759347016,-0.08672248600267897
6.363290516206483,0.2089267985000436,-0.08630316659455409,0.208375826467834,-0.08607655036216615,0.20887937115273486,-0.08625078328100116
6.37329411764706,0.20776947941903018,-0.08582548505176209,0.20722137375704905,-0.08560005034596002,0.2077373347119995,-0.08577908055932333
6.383297719087635,0.2066171066217197,-0.08534950645012289,0.20606897590387027,-0.08512426193689474,0.20659529827126422,-0.08530737783764553
6.393301320528212,0.2054696890823583,-0.08487524533960399,0.20492822976460456,-0.08465250857278754,0.20545326183052887,-0.08483567511596769
6.403304921968788,0.20432723506849657,-0.08440271575982229,0.20378748362533897,-0.08418075520868039,0.20431122538979357,-0.08436397239428989
6.4133085234093645,0.20318975215287197,-0.0839319312477194,0.20265191673552244,-0.08371082705065466,0.20316918894905822,-0.08389226967261204
6.42331212484994,0.20205724722606272,-0.08346290484505761,0.20152493707358554,-0.08324392509569224,0.20202715250832295,-0.08342056695093425
6.433315726290517,0.20092972650779184,-0.08299564910598703,0.20039795741164854,-0.08277702314072978,0.20088511606758758,-0.0829488642292564
6.443319327731093,0.19980719555876023,-0.08253017610464666,0.19927929921723764,-0.08231310119685828,0.1997430796268523,-0.08247716150757861
6.453322929171669,0.1986896592924151,-0.0820664974427449,0.19816613052394605,-0.08185114510506372,0.19860104318611693,-0.08200545878590076
6.463326530612245,0.19757712198664756,-0.08160462425711802,0.19705296183065457,-0.0813891890132692,0.19745900674538167,-0.08153375606422297
6.473330132052822,0.19646958729541375,-0.08114456722726321,0.1959512664873141,-0.08093140210148808,0.1963169703046463,-0.08106205334254513
6.483333733493398,0.1953670582602808,-0.08068633658284499,0.19485194061835506,-0.08047447620809094,0.19517493386391102,-0.08059035062086732
6.493337334933974,0.19426953732189167,-0.08022994211117135,0.19375337894722064,-0.08001783178142735,0.19403289742317564,-0.08011864789918949
6.50334093637455,0.19317702633134995,-0.0797753931646387,0.19266791374376777,-0.07956601100102528,0.19289086098244038,-0.07964694517751168
6.513344537815127,0.19208952656151926,-0.07932269866814162,0.1915824485403148,-0.07911419022062316,0.191748824541705,-0.07917524245583385
6.5233481392557024,0.19100703871823765,-0.07887186712644681,0.19050088610156232,-0.07866382470233672,0.19060678810096973,-0.07870353973415604
6.533351740696279,0.1899295629514425,-0.07842290663152711,0.18942928810429427,-0.07821717472298456,0.18946475166023435,-0.0782318370124782
6.543355342136855,0.18885709886620544,-0.07797582486985499,0.18835769010702633,-0.07777052474363244,0.1884344997684161,-0.07780160716935039
6.5533589435774315,0.1877896455336731,-0.07753062912965135,0.18729312997144487,-0.07732652920850407,0.18743509982369552,-0.07738282362240041
6.563362545018008,0.18672720150191346,-0.07708732630808898,0.18623539305664072,-0.07688510716228276,0.1864356998789749,-0.07696404007545044
6.573366146458584,0.1856697648066639,-0.07664592291844705,0.18517765614183662,-0.0764436851160615,0.1854362999342544,-0.0765452565285005
6.583369747899161,0.18461733298197883,-0.07620642509721463,0.1841300820591503,-0.07600613641954011,0.1844368999895338,-0.07612647298155052
6.593373349339736,0.18356990307077617,-0.07576883861114161,0.18308619008341612,-0.07556999108063525,0.18343750004481327,-0.07570768943460059
6.603376950780313,0.1825274716352776,-0.07533316886423311,0.18204229810768185,-0.07513384574173036,0.18243810010009268,-0.07528890588765061
6.613380552220889,0.18149003476734354,-0.07489942090468686,0.1810116757026309,-0.07470280731948913,0.18143870015537217,-0.07487012234070067
6.6233841536614655,0.18045758809869716,-0.07446759943176941,0.1799816011462806,-0.07427197974187319,0.18043930021065155,-0.0744513387937507
6.633387755102041,0.17943012681103848,-0.07403770880263046,0.17895409890061995,-0.07384215100985742,0.17943990026593104,-0.07403255524680076
6.643391356542618,0.17840764564604308,-0.07360975303905125,0.17793780544043805,-0.07341667472488608,0.17844050032121045,-0.07361377169985078
6.653394957983194,0.17739013891524624,-0.07318373583412655,0.1769215119802562,-0.07299119843991478,0.1774411003764899,-0.07319498815290085
6.66339855942377,0.1763776005098068,-0.07275966055887584,0.1759108903547589,-0.07256794300892985,0.17644170043176932,-0.07277620460595087
6.673402160864346,0.17537002391015236,-0.07233753026878326,0.1749083315086399,-0.0721478446261876,0.1754423004870488,-0.07235742105900093
6.683405762304923,0.17436740219549907,-0.07191734771026234,0.17390577266252083,-0.07172774624344533,0.1744429005423282,-0.07193863751205096
6.6934093637454986,0.17336972805324863,-0.0714991153270444,0.1729119592406313,-0.07131109846589342,0.17344350059760769,-0.07151985396510102
6.703412965186075,0.17237699378825505,-0.07108283526648722,0.17192308086724098,-0.07089639786706255,0.1724441006528871,-0.07110107041815104
6.713416566626651,0.17138919133216157,-0.07066850938593794,0.17093420249385075,-0.0704816972682317,0.1714447007081666,-0.07068228687120111
6.723420168067228,0.17040631225253233,-0.0702561392590635,0.16995711082379425,-0.07007168068673228,0.17044530076344597,-0.07026350332425113
6.733423769507803,0.1694283477609395,-0.06984572618140575,0.1689818497638722,-0.06966239158681563,0.16944590081872546,-0.0698447197773012
6.74342737094838,0.16845528872249943,-0.06943727117683011,0.16800783334023114,-0.06925360036070327,0.16844650087400487,-0.06942593623035122
6.753430972388956,0.16748712566458432,-0.06903077500351303,0.1670461198433137,-0.06884973049597609,0.16744710092928433,-0.06900715268340127
6.7634345738295325,0.16652384878536192,-0.06862623815982204,0.16608440634639615,-0.06844586063124887,0.16644770098456374,-0.0685883691364513
6.773438175270108,0.16556544796221684,-0.06822366089012097,0.1651269786309302,-0.06804371576031717,0.16544830103984323,-0.06816958558950136
6.783441776710685,0.16461191276005158,-0.06782304319049887,0.16417873498992328,-0.0676452674081274,0.1644489010951226,-0.06775080204255138
6.793445378151261,0.16366323243946884,-0.06742438481442393,0.16323049134891646,-0.06724681905593766,0.1634495011504021,-0.06733201849560144
6.803448979591837,0.16271939596483476,-0.06702768527832113,0.16228953641369417,-0.06685132097441006,0.16245010120568149,-0.06691323494865148
6.813452581032413,0.16178039201222386,-0.06663294386707475,0.16135467931989753,-0.06645829113391072,0.16145070126096098,-0.06649445140170153
6.82345618247299,0.16084620897724458,-0.0662401596394547,0.16041982222610082,-0.06606526129341134,0.16045130131624039,-0.06607566785475155
6.8334597839135665,0.15991683498274795,-0.06584933143346748,0.15949521367909505,-0.06567640194185463,0.15956793212832834,-0.06570411632373374
6.843463385354142,0.15899225788641724,-0.06546045787163104,0.1585736528476412,-0.06528878281140134,0.15870769069933177,-0.065341979285111
6.853466986794719,0.1580724652882399,-0.065073537366174,0.15765209201618727,-0.06490116368094802,0.15784744927033512,-0.06497984224648824
6.863470588235295,0.15715744453786304,-0.06468856812415906,0.15674369403177493,-0.06451892711224845,0.15698720784133852,-0.0646177052078655
6.873474189675871,0.15624718274182992,-0.06430554815253037,0.1558353344870618,-0.06413670626234087,0.15612696641234186,-0.06425556816924273
6.883477791116447,0.15534166677070124,-0.06392447526308531,0.1549299014344167,-0.06375568763353437,0.1552667249833453,-0.06389343113062
6.893481392557024,0.15444088326605798,-0.06354534707736989,0.15403464212480472,-0.06337884844149613,0.15440648355434863,-0.06353129409199723
6.9034849939975995,0.15354481864738911,-0.06316816103149865,0.15313938281519285,-0.06300200924945794,0.15354624212535203,-0.0631691570533745
6.913488595438176,0.15265345911886144,-0.06279291438089826,0.15224996745794345,-0.06262758088347173,0.15268600069635538,-0.06280702001475173
6.923492196878752,0.15176679067597482,-0.062419604204975346,0.15136770347438572,-0.0622561026986188,0.1518257592673588,-0.062444882976129
6.933495798319329,0.1508847991121004,-0.06204822741170795,0.15048543949082793,-0.06188462451376585,0.15096551783836215,-0.06208274593750623
6.943499399759904,0.15000747002490392,-0.06167878074216139,0.1496118858852173,-0.06151675395541867,0.15010527640936555,-0.06172060889888349
6.953503001200481,0.1491347888226529,-0.06131126077492741,0.14874250706422562,-0.061150612491232374,0.1492450349803689,-0.06135847186026073
6.963506602641057,0.14826674073040963,-0.06094566393048791,0.14787312824323406,-0.060784471027046115,0.14838479355137232,-0.06099633482163799
6.9735102040816335,0.1474033107961079,-0.060581986475501774,0.1470152735683487,-0.06042311985936217,0.14752455212237564,-0.06063419778301522
6.983513805522209,0.14654448389651656,-0.06022022452701617,0.14615866664713104,-0.06006228735136676,0.14666431069337907,-0.06027206074439249
6.993517406962786,0.14569024474308692,-0.05986037405660108,0.14530368715967346,-0.05970213364947628,0.1458040692643824,-0.059909923705769724
7.003521008403362,0.14484057788768767,-0.05950243089440815,0.1444597343668493,-0.05934657920552056,0.14494382783538584,-0.05954778666714699
7.013524609843938,0.1439954677283901,-0.05914639073324091,0.1436157815740251,-0.058991024761564814,0.14408358640638919,-0.05918564962852422
7.023528211284514,0.1431548985151145,-0.058792249132559066,0.14277627724158914,-0.05863733155115271,0.14322334497739259,-0.05882351258990148
7.033531812725091,0.14231885435440136,-0.058440001521988895,0.14194485839252136,-0.058287021302832635,0.14236310354839593,-0.05846137555127872
7.0435354141656665,0.14148731921531332,-0.058089643205396474,0.14111343954345365,-0.05793671105451259,0.14150286211939933,-0.058099238512655985
7.053539015606243,0.14066027693467753,-0.0577411693646164,0.14028923355588746,-0.057589427587978845,0.14064262069040268,-0.057737101474033214
7.063542617046819,0.13983771122219332,-0.05739457506309514,0.13947022463096806,-0.05724432499994363,0.1397823792614061,-0.05737496443541048
7.073546218487396,0.13901960566544377,-0.057049855249468276,0.13865121570604858,-0.056899222411908375,0.13892213783240945,-0.057012827396787716
7.083549819927971,0.13820594373481362,-0.05670700476107361,0.1378421264615394,-0.05655829358203374,0.13806189640341288,-0.05665069035816498
7.093553421368548,0.13739670878831267,-0.056366018327399625,0.13703540164566375,-0.05621835959805094,0.1372016549744162,-0.05628855331954221
7.103557022809124,0.13659188407630724,-0.05602689057347076,0.1362290879809655,-0.05587859904745269,0.13634141354541962,-0.055926416280919475
7.1135606242497005,0.13579145274615886,-0.05568961602316918,0.13543451822943922,-0.055543792359864966,0.13548117211642297,-0.05556427924229671
7.123564225690277,0.13499539784677256,-0.055354189102494726,0.13463994847791294,-0.05520898567227724,0.13468448123245047,-0.05522881300606856
7.133567827130853,0.13420370233305454,-0.05502060414276251,0.1338485067276311,-0.05487550145243547,0.13395259485391253,-0.05492054383255746
7.14357142857143,0.13341634907028002,-0.05468885538373941,0.13306596175389818,-0.05454577864415002,0.13322070847537454,-0.05461227465904635
7.153575030012005,0.13263332083837343,-0.05435893697672012,0.1322834167801653,-0.0542160558358646,0.1324888220968366,-0.05430400548553525
7.163578631452582,0.13185460033609964,-0.05403084298754272,0.13150665638136566,-0.05388878396495297,0.13175693571829858,-0.05399573631202413
7.173582232893158,0.13108017018516951,-0.05370456739954515,0.13073600321072967,-0.053564099740312565,0.13102504933976064,-0.05368746713851304
7.183585834333734,0.13031001293425803,-0.05338010411646234,0.12996535004009363,-0.053239415515672135,0.13029316296122265,-0.053379197965001915
7.19358943577431,0.12954411106293853,-0.05305744696526547,0.1292030772995262,-0.05291828895721423,0.1295612765826847,-0.05307092879149083
7.203593037214887,0.12878244698553112,-0.05273658969894304,0.12844418220932527,-0.05259859628131208,0.1288293902041467,-0.052762659617979706
7.213596638655463,0.1280250030548688,-0.05241752599922514,0.12768528711912436,-0.05227890360540996,0.12809750382560875,-0.05245439044446861
7.223600240096039,0.1272717615659797,-0.05210024947925082,0.12693730571845893,-0.051963852584704893,0.12736561744707076,-0.05214612127095749
7.233603841536615,0.12652270475968855,-0.051784753686179866,0.1261900327798654,-0.051649102877011105,0.12663373106853282,-0.051837852097446395
7.243607442977192,0.12577781482613568,-0.051471032103748635,0.12544465899383328,-0.05133516220517292,0.1259018446899948,-0.05152958292393528
7.2536110444177675,0.1250370739082173,-0.05115907815477162,0.12470887196868896,-0.05102530547764489,0.12516995831145686,-0.051221313750424186
7.263614645858344,0.12430046410494508,-0.05084888520358833,0.12397308494354456,-0.050715448750116826,0.12443807193291886,-0.050913044576913064
7.27361824729892,0.12356796747472805,-0.05054044655845684,0.12324174232625934,-0.050407488292839094,0.12370618555438091,-0.05060477540340197
7.283621848739497,0.12283956603857608,-0.050233755473893985,0.12251730319722857,-0.05010247330767266,0.1229742991758429,-0.05029650622989085
7.293625450180072,0.12211524178331616,-0.04992880515300578,0.12179286406819786,-0.04979745832250625,0.12224241279730497,-0.04998823705637976
7.303629051620649,0.1213949766647864,-0.049625588749792726,0.12107535218304472,-0.049495402964561425,0.12151052641876697,-0.04967996788286864
7.313632653061225,0.12067875261028395,-0.04932409937108486,0.1203621230112955,-0.049195177372595184,0.12077864004022903,-0.049371698709357544
7.3236362545018014,0.11996655152192799,-0.04902433007889696,0.11964889383954622,-0.048894951780628915,0.12004675366169103,-0.04906342953584642
7.333639855942377,0.11925835527954787,-0.04872627389254226,0.11894501113115347,-0.0485987246449615,0.11931486728315308,-0.04875516036233533
7.343643457382954,0.11855414574345603,-0.04842992379067738,0.11824285257510773,-0.048303235108913226,0.11858298090461508,-0.04844689118882421
7.35364705882353,0.11785390475716052,-0.04813527271330357,0.11754146539024732,-0.04800807593887676,0.11785109452607714,-0.04813862201531312
7.363650660264106,0.11715761415001487,-0.04784231356372441,0.11685023852822657,-0.047717268273536326,0.11711920814753914,-0.047830352841801996
7.373654261704682,0.11646525573980829,-0.04755103921046091,0.11615901166620589,-0.047426460608195914,0.11638732176900118,-0.0475220836682909
7.383657863145259,0.11577681133529542,-0.04726144248912405,0.1154709885033874,-0.04713702652483214,0.11565543539046319,-0.04721381449477978
7.3936614645858345,0.1150922627386675,-0.04697351620424605,0.11479055334114004,-0.04685084578710584,0.11492354901192525,-0.046905545321268685
7.403665066026411,0.11441159174796445,-0.046687253131070035,0.1141101181788926,-0.046564665049379506,0.11419166263338724,-0.04659727614775757
7.413668667466988,0.11373478015943006,-0.04640264601729955,0.1134352560574985,-0.04628087592044103,0.11345977625484924,-0.04628900697424645
7.423672268907564,0.11306180976980959,-0.04611968758480774,0.11276547331983644,-0.04599926655280165,0.11281795063161917,-0.046019532184291057
7.43367587034814,0.11239266237859129,-0.04583837053130707,0.1120956905821743,-0.04571765718516224,0.11220039125340532,-0.04576051027154502
7.443679471788716,0.11172731979019292,-0.04555868753198035,0.11143378660191579,-0.045439431890376726,0.11158283187519151,-0.04550148835879901
7.453683073229293,0.11106576381609268,-0.04528063124107304,0.11077451622910774,-0.04516233777897767,0.11096527249697766,-0.045242466446052974
7.4636866746698685,0.11040797627690697,-0.04500419429344809,0.11011524585629973,-0.04488524366757864,0.11034771311876385,-0.04498344453330696
7.473690276110445,0.10975393900441406,-0.044729369306103155,0.10946609752151654,-0.044612500297207834,0.10973015374055,-0.04472442262056093
7.483693877551021,0.10910363384352587,-0.04445614887965144,0.10881720043383457,-0.04433986492001676,0.1091125943623362,-0.04446540070781491
7.4936974789915975,0.10845704265420718,-0.044184525599766065,0.10817037140269699,-0.04406811908055548,0.10849503498412233,-0.044206378795068876
7.503701080432173,0.1078141473133447,-0.04391449203858907,0.10753170798565694,-0.04379988553472399,0.10787747560590853,-0.04394735688232287
7.51370468187275,0.10717492971656449,-0.043646040756105155,0.10689304456861681,-0.04353165198889247,0.10725991622769467,-0.04368833496957683
7.523708283313326,0.10653937178000099,-0.04337916430148114,0.10625870583794178,-0.04326527965991482,0.10664235684948087,-0.04342931305683082
7.533711884753902,0.10590745544201607,-0.043113855214371194,0.10563013768355607,-0.04300139081596698,0.106024797471267,-0.043170291144084785
7.543715486194478,0.10527916266487068,-0.04285010602618901,0.10500156952917043,-0.042737501972019164,0.1054072380930532,-0.04291126923133877
7.553719087635055,0.10465447543634829,-0.04258790926134673,0.10437951983716026,-0.04247642001691432,0.10478967871483935,-0.04265224731859274
7.563722689075631,0.1040333757713323,-0.04232725743846199,0.10376090821789101,-0.04221681851647222,0.10417211933662554,-0.042393225405846724
7.573726290516207,0.10341584571334075,-0.042068143071534704,0.1031422965986217,-0.041957217016030106,0.10355455995841169,-0.04213420349310069
7.583729891956783,0.10280186733634059,-0.04181055867124083,0.10253233566373025,-0.04170134205620877,0.10293700058019788,-0.04187518158035468
7.59373349339736,0.10219142274559695,-0.041554496745768735,0.10192354325411825,-0.04144597047354583,0.10231944120198402,-0.04161615966760864
7.6037370948379355,0.10158449407919942,-0.04129994980196507,0.10131578969750557,-0.041191046589325306,0.10170188182377021,-0.04135713775486263
7.613740696278512,0.10098106350972283,-0.04104691034652917,0.10071667903657522,-0.040939847400453755,0.10108432244555636,-0.041098115842116596
7.623744297719088,0.10038111324553774,-0.04079537088703552,0.10011756837564492,-0.040688648211582225,0.10046676306734256,-0.04083909392937059
7.633747899159665,0.09978462553208528,-0.04054532393293022,0.09952164225378472,-0.040438821784907014,0.0998492036891287,-0.04058007201662455
7.64375150060024,0.09919158265311788,-0.04029676199650267,0.09893207745059318,-0.040191737537741856,0.0992316443109149,-0.040321050103878535
7.653755102040817,0.09860196693190483,-0.040049677593831955,0.09834251264740157,-0.03994465329057668,0.09861408493270103,-0.0400620281911325
7.663758703481393,0.0980157607324048,-0.03980406324570913,0.09775821657546235,-0.039699840873496754,0.09799652555448723,-0.03980300627838649
7.673762304921969,0.09743294646040422,-0.03955991147853502,0.09717806175956815,-0.039456814129214146,0.09737896617627337,-0.03954398436564045
7.683765906362546,0.09685350656462348,-0.03931721482519461,0.09659790694367396,-0.039213787384931545,0.09676140679805952,-0.03928496245289442
7.693769507803122,0.09627742353778984,-0.03907596582590771,0.09602504490221267,-0.03897390569324341,0.09614384741984572,-0.03902594054014841
7.7037731092436985,0.0957046799176788,-0.03883615702905665,0.0954541659165621,-0.03873487920623491,0.09552628804163185,-0.03876691862740237
7.713776710684274,0.09513525828812384,-0.03859778099199152,0.0948834013566351,-0.038495902074174845,0.09490872866341805,-0.03850789671465636
7.723780312124851,0.09456914127999476,-0.0383608302818127,0.09432166419558104,-0.03826081870648813,0.09436401763795794,-0.038280113506509776
7.733783913565427,0.0940063115721457,-0.03812529747613175,0.09375992703452701,-0.03802573533880143,0.09384596997946397,-0.038063764037257704
7.743787515006003,0.09344675189233252,-0.03789117516381049,0.09320034156688199,-0.03779158009587177,0.09332792232096995,-0.03784741456800561
7.753791116446579,0.09289044501810091,-0.03765845594567904,0.09264761405970244,-0.03756038300806969,0.09280987466247599,-0.03763106509875354
7.763794717887156,0.09233737377764467,-0.037427132435232664,0.09209488655252285,-0.037329185920267585,0.09229182700398197,-0.037414715629501445
7.773798319327732,0.09178752105063558,-0.03719719725930853,0.09154628830573804,-0.037099770087893634,0.091773779345488,-0.03719836616024937
7.783801920768308,0.09124086976902439,-0.036968643058741854,0.09100243854156587,-0.03687240262729102,0.09125573168699398,-0.03698201669099729
7.793805522208884,0.0906974029178145,-0.03674146248900266,0.09045858877739374,-0.03664503516668844,0.09073768402850002,-0.036765667221745214
7.803809123649461,0.09015710353580736,-0.03651564822081276,0.08992078747607729,-0.03642027672006908,0.090219636370006,-0.03654931775249312
7.813812725090036,0.08961995471632166,-0.03629119294074398,0.08938568548123267,-0.03619668262354958,0.08970158871151203,-0.03633296828324105
7.823816326530613,0.08908593960788504,-0.03606808935179736,0.088850583486388,-0.03597308852703005,0.08918354105301801,-0.036116618813988956
7.833819927971189,0.08855504141490066,-0.03584633017396431,0.08832339064931036,-0.03575290596936629,0.08866549339452405,-0.03590026934473688
7.8438235294117655,0.0880272433982871,-0.03562590814476949,0.08779690679837966,-0.03553302922603317,0.08814744573603003,-0.03568391987548479
7.853827130852341,0.08750252887609397,-0.03540681601979639,0.08727164590340354,-0.03531367992055013,0.08762939807753606,-0.03546757040623272
7.863830732292918,0.0869808812240918,-0.03518904657319524,0.08675365259346003,-0.035097464987495275,0.08711135041904204,-0.035251220936980625
7.873834333733494,0.08646228387633866,-0.0349725925981745,0.08623565928351658,-0.034881250054440434,0.08659330276054808,-0.03503487146772855
7.88383793517407,0.08594672032572181,-0.034757446907475294,0.0857207632725988,-0.03466637078540418,0.08607525510205406,-0.034818521998476466
7.893841536614646,0.08543417412447712,-0.03454360233383017,0.08521113331955224,-0.03445376242529858,0.08555720744356009,-0.034602172529224394
7.903845138055223,0.08492462888565255,-0.034331051730835865,0.08470150336650564,-0.03424115406519296,0.08503915978506607,-0.0343858230599723
7.913848739495799,0.08441806828644258,-0.03411978797464192,0.08419678873971431,-0.034030664913750265,0.0845211121265721,-0.03416947359072023
7.923852340936375,0.08391447605869476,-0.033909803959940296,0.0836953970523951,-0.03382160842450536,0.08400306446807809,-0.033953124121468135
7.933855942376951,0.08341383599492629,-0.033701092602860354,0.08319400536507594,-0.033612551935260464,0.08348501680958412,-0.03373677465221606
7.943859543817528,0.08291613194977716,-0.03349364684181261,0.08269929080364863,-0.03340637372726082,0.0829669691510901,-0.03352042518296397
7.9538631452581035,0.08242134784035383,-0.03328745963783329,0.0822060127644373,-0.03320081475499516,0.08244892149259613,-0.0333040757137119
7.96386674669868,0.08192946764655863,-0.03308252397491798,0.08171312832321329,-0.032995425401632354,0.08193087383410211,-0.03308772624445981
7.973870348139257,0.08144047541140655,-0.03287883286034492,0.08122784146487463,-0.03279331018511679,0.0814128261756081,-0.03287137677520772
7.9838739495798325,0.08095435524132831,-0.032676379324987764,0.08074255460653602,-0.032591194968601245,0.08089477851711413,-0.032655027305955646
7.993877551020409,0.08047109130646071,-0.03247515642361815,0.08025943617839228,-0.032390013997930324,0.08037673085862011,-0.03243867783670355
8.003881152460984,0.07999066784092422,-0.03227515723519829,0.07978201854788564,-0.03219128915728201,0.0798586832001262,-0.0322223283674515
8.01388475390156,0.07951306914308724,-0.03207637486316316,0.07930460091737893,-0.031992564316633665,0.07934063554163218,-0.03200597889819941
8.023888355342137,0.0790382795758188,-0.03187880243569347,0.07883107245470053,-0.03179551451050003,0.07885235283499752,-0.031802523753487966
8.033891956782712,0.07856628356672801,-0.03168243310597843,0.07836140429557051,-0.03160012730725889,0.07841967794656517,-0.03162315819099004
8.043895558223289,0.07809706560839141,-0.031487260052469046,0.0778917361364404,-0.03140474010401772,0.07798700305813275,-0.03144379262849209
8.053899159663866,0.07763061025856868,-0.031293276479122244,0.07742762407494656,-0.031211745149815794,0.07755432816970032,-0.03126442706599414
8.063902761104442,0.07716690214040593,-0.031100475615635396,0.0769655861731128,-0.03101964325163608,0.0771216532812679,-0.031085061503496186
8.073906362545017,0.07670592594262735,-0.030908850717671917,0.07650354827127913,-0.030827541353456396,0.07668897839283555,-0.030905695940998266
8.083909963985594,0.07624766641971494,-0.030718395067077565,0.07604868157099698,-0.030638525884338234,0.07625630350440311,-0.030726330378500314
8.09391356542617,0.07579210839207755,-0.03052910197208833,0.07559415694543782,-0.03044965764150546,0.0758236286159707,-0.030546964816002362
8.103917166866747,0.07533923674620754,-0.030340964767529083,0.07514096948466104,-0.030261364701595555,0.07539095372753826,-0.03036759925350441
8.113920768307322,0.07488903643482712,-0.030153976815004004,0.07469384171388439,-0.030075678887908727,0.07495827883910591,-0.03018823369100649
8.123924369747899,0.07444149247702278,-0.029968131503078203,0.07424671394310767,-0.02988999307422187,0.0745256039506735,-0.030008868128508538
8.133927971188475,0.07399658995836994,-0.029783422247451393,0.07380255080376431,-0.02970558219923852,0.07409292906224106,-0.029829502566010586
8.143931572629052,0.0735543140310458,-0.029599842491123136,0.07336270572745726,-0.029523028305742702,0.07366025417380864,-0.029650137003512635
8.153935174069627,0.07311464991393236,-0.029417385704550058,0.07292286065115026,-0.02934047441224692,0.07322757928537629,-0.029470771441014714
8.163938775510204,0.07267758289270834,-0.029236045385795117,0.0724875563621147,-0.029159872507630375,0.07279490439694386,-0.029291405878516762
8.17394237695078,0.07224309831993166,-0.029055815060669336,0.07205488038690641,-0.028980400459810762,0.07236222950851144,-0.02911204031601881
8.183945978391357,0.071811181615111,-0.028876688282865593,0.07162220441169813,-0.02880092841199115,0.07192955462007901,-0.02893267475352086
8.193949579831932,0.07138181826476797,-0.028698658634085147,0.0711955959282579,-0.0286240633805289,0.07149687973164666,-0.028753309191022938
8.203953181272508,0.07095499382248881,-0.028521719724156517,0.07076997774295649,-0.028447623850005956,0.07106420484321424,-0.028573943628524986
8.213956782713085,0.07053069390896731,-0.02834586519114757,0.07034495694348605,-0.028271440885777398,0.07063152995478181,-0.028394578066027035
8.223960384153662,0.07010890421203742,-0.028171088701470108,0.06992628580265435,-0.02809798498386439,0.07019885506634939,-0.028215212503529083
8.233963985594237,0.06968961048669696,-0.02799738394997775,0.06950761466182272,-0.02792452908195141,0.06976618017791704,-0.028035846941031162
8.243967587034813,0.06927279855512161,-0.027824744660056834,0.06909107918388034,-0.027751989926632217,0.0693335052894846,-0.027856481378533207
8.25397118847539,0.06885845430667076,-0.027653164583710883,0.06867924663923791,-0.027581469534716758,0.06890083040105219,-0.027677115816035255
8.263974789915967,0.06844656369788336,-0.027482637501638284,0.0682674140945955,-0.0274109491428013,0.06846815551261975,-0.027497750253537304
8.273978391356543,0.06803711275246588,-0.027313157223303734,0.06785920670530102,-0.02724198413587039,0.06803548062418734,-0.027318384691039352
8.283981992797118,0.06763008756127112,-0.027144717587003375,0.0674541048655515,-0.02707435157532242,0.06760280573575499,-0.027139019128541435
8.293985594237695,0.06722547428226867,-0.0269773124599237,0.06704900302580191,-0.026906719014774427,0.06717013084732255,-0.02695965356604348
8.303989195678271,0.06682325914050755,-0.026810935738194753,0.06664896876606698,-0.026741259501944895,0.06673745595889014,-0.026780288003545528
8.313992797118848,0.06642342842806996,-0.026645581346937206,0.06625049204700598,-0.026576467883889215,0.0663047810704577,-0.026600922441047576
8.323996398559423,0.06602596850401761,-0.026481243240303865,0.06585201532794505,-0.026411676265833565,0.06587210618202535,-0.026421556878549655
8.334,0.06563086579432968,-0.02631791540151547,0.06546000136204676,-0.026249654568042423,0.06548713636838681,-0.02626249133597351
8.344003601440576,0.06523810679183382,-0.026155591842891346,0.06506804472099904,-0.02608765743954261,0.06512692448704877,-0.02611396107755935
8.354007202881153,0.06484767805612893,-0.025994266605874446,0.0646774839308128,-0.025926258217519496,0.06476671260571071,-0.02596543081914519
8.364010804321728,0.0644595662135009,-0.025833933761051434,0.0642919446379613,-0.02576700993143234,0.06440650072437273,-0.02581690056073106
8.374014405762304,0.06407375795683078,-0.025674587408167554,0.06390640534510973,-0.02560776164534516,0.06404628884303468,-0.025668370302316904
8.384018007202881,0.06369024004549653,-0.02551622167613693,0.06352366881333088,-0.025449713271233503,0.06368607696169663,-0.025519840043902745
8.394021608643458,0.06330899930526716,-0.02535883072304782,0.063144444659043,-0.025293168608535206,0.06332586508035858,-0.02537130978548859
8.404025210084033,0.06293002262819043,-0.02520240873616342,0.06276522050475518,-0.025136623945836937,0.06296565319902059,-0.025222779527074458
8.41402881152461,0.06255329697247362,-0.02504694993191807,0.06239016131230639,-0.02498186128275996,0.06260544131768254,-0.0250742492686603
8.424032412965186,0.062178809362358485,-0.02489244855590935,0.06201715240217907,-0.02482797584316344,0.062245229436344494,-0.02492571901024614
8.434036014405763,0.0618065468879891,-0.02473889888288578,0.06164414349205175,-0.024674090403566922,0.061885017555006444,-0.024777188751831984
8.444039615846338,0.061436496705274096,-0.02458629521673055,0.06127661697401683,-0.024522549329123636,0.061524805673668456,-0.024628658493417853
8.454043217286914,0.06106864603574238,-0.024434631890441236,0.06090972390729939,-0.024371279129358762,0.061164593792330406,-0.024480128235003694
8.46404681872749,0.06070298216639365,-0.024283903266105942,0.06054356951476813,-0.024220324598275462,0.060804381910992356,-0.02433159797658954
8.474050420168068,0.06033949244954262,-0.024134103734875616,0.06018269520560379,-0.02407162648414326,0.060444170029654305,-0.02418306771817538
8.484054021608642,0.059978164302657955,-0.02398522771693291,0.059821820896439525,-0.023922928370011084,0.060083958148316324,-0.024034537459761248
8.494057623049219,0.0596189852081955,-0.02383726966145762,0.059463013606545635,-0.02377511307665483,0.059723746266978274,-0.023886007201347093
8.504061224489796,0.059261942713426864,-0.023690224046589103,0.05910806143162568,-0.02362894429702068,0.059363534385640224,-0.023737476942932934
8.514064825930372,0.0589070244304045,-0.023544085379427575,0.05875310925670573,-0.023482775517386534,0.05900332250430217,-0.023588946684518775
8.524068427370947,0.05855421803683192,-0.02339884819627694,0.058401510044074914,-0.02333803784279274,0.058643110622964185,-0.023440416426104643
8.534072028811524,0.058203511273972504,-0.023254507062008007,0.058052385692553145,-0.023194356483749772,0.058282898741626135,-0.023291886167690488
8.5440756302521,0.05785489194709277,-0.023111056570234684,0.05770326134103138,-0.023050675124706804,0.057922686860288085,-0.02314335590927633
8.554079231692677,0.05750834792556081,-0.02296849134334818,0.057358733551576654,-0.022908954494334808,0.057562474978950035,-0.022994825650862173
8.564082833133254,0.05716386714265706,-0.022826806032459852,0.05701534314001813,-0.02276771902861811,0.057202263097611984,-0.022846295392448014
8.574086434573829,0.05682143759538248,-0.022685995317341934,0.056672110405866116,-0.022626550777131493,0.056842051216274,-0.022697765134033883
8.584090036014405,0.056481047344264124,-0.022546053906366017,0.05633436235931171,-0.022487720521063966,0.05648183933493595,-0.022549234875619724
8.594093637454982,0.056142684513158764,-0.02240697653643974,0.055996614312757306,-0.022348890264996438,0.0561216274535979,-0.02240070461720557
8.604097238895559,0.05580633728905385,-0.022268757972941207,0.05566027765015646,-0.022210661281859584,0.05576141557225985,-0.02225217435879141
8.614100840336134,0.05547199392186625,-0.02213139300965157,0.0553280807823614,-0.022074195919847234,0.055401203690921864,-0.022103644100377278
8.62410444177671,0.05513964272423876,-0.021994876468685556,0.05499588391456628,-0.021937730557834857,0.055040991809583814,-0.021955113841963123
8.634108043217287,0.054809272071334736,-0.02185920320042029,0.05466631197253418,-0.0218023826880258,0.054680779928245764,-0.021806583583548964
8.644111644657864,0.054480870400630196,-0.021724368083422138,0.05433957740066582,-0.02166824275296316,0.054362263321483466,-0.021675951316090656
8.654115246098439,0.054154426211704174,-0.02159036602437174,0.05401284282879752,-0.021534102817900542,0.05406317370929758,-0.021553658223197474
8.664118847539015,0.05382992806602672,-0.021457191957987273,0.05368990674058068,-0.021401578976933882,0.05376408409711165,-0.02143136513030427
8.674122448979592,0.053507364586745466,-0.02132484084694614,0.053368545928674294,-0.02126972534939405,0.05346499448492571,-0.02130907203741107
8.684126050420168,0.0531867244584698,-0.021193307681804763,0.053047185116767905,-0.021137871721854225,0.053165904872739776,-0.021186778944517867
8.694129651860743,0.052867996427053456,-0.02106258748091691,0.052730758418412155,-0.02100811587979305,0.052866815260553895,-0.021064485851624685
8.70413325330132,0.05255116929937499,-0.02093267529035024,0.05241468512819916,-0.020878510292577517,0.05256772564836796,-0.020942192758731482
8.714136854741897,0.05223623194311702,-0.020803566183801556,0.0520994413140505,-0.020749257140981175,0.05226863603618202,-0.02081989966583828
8.724140456182473,0.05192317328654332,-0.02067525526251029,0.051788569609489986,-0.02062186165257264,0.05196954642399609,-0.020697606572945077
8.734144057623048,0.05161198231827444,-0.020547737655170695,0.05147769790492954,-0.02049446616416413,0.051670456811810206,-0.0205753134800519
8.744147659063625,0.051302648087061524,-0.02042100851784242,0.05116880054934599,-0.020367908959054864,0.05137136719962427,-0.020453020387158696
8.754151260504202,0.05099515970155904,-0.020295063033859962,0.050863046786099236,-0.02024268648300635,0.05107227758743833,-0.020330727294265494
8.764154861944778,0.05068950633009555,-0.020169896413740524,0.05055729302285248,-0.02011746400695783,0.0507731879752524,-0.02020843420137229
8.774158463385353,0.0503856772004433,-0.020045503895090733,0.0502546207795154,-0.019993549061292002,0.050474098363066516,-0.02008614110847911
8.78416206482593,0.05008366159958608,-0.01992188074251194,0.04995390156834568,-0.0198704628134675,0.05017500875088058,-0.019963848015585907
8.794165666266506,0.04978344887348633,-0.01979902224750451,0.04965318235717595,-0.019747376565642998,0.049875919138694644,-0.019841554922692704
8.804169267707083,0.049485028426850465,-0.019676923728370765,0.049356616010521846,-0.01962605116517644,0.049576829526508714,-0.019719261829799502
8.814172869147658,0.049188389722893085,-0.019555580530116867,0.0490608502479543,-0.019505065218686366,0.04927773991432283,-0.01959696873690632
8.824176470588235,0.04889352228309993,-0.01943498802435352,0.04876539965458452,-0.01938421281924259,0.0489786503021369,-0.019474675644013117
8.834180072028811,0.048600415686989994,-0.019315141609195802,0.04847450644289896,-0.01926529152495467,0.04867956068995096,-0.019352382551119915
8.844183673469388,0.04830905957187627,-0.019196036709161802,0.0481836132312134,-0.019146370230666752,0.048380471077765025,-0.019230089458226712
8.854187274909965,0.04801944363262545,-0.01907766877507039,0.04789411499052986,-0.01902803959930146,0.04808138146557909,-0.01910779636533351
8.86419087635054,0.047731557621416905,-0.01896003328393803,0.047608015712175114,-0.018911148167045044,0.04778229185339321,-0.018985503272440328
8.874194477791116,0.04744539134750026,-0.018843125738874665,0.04732191643382032,-0.01879425673478861,0.04748320224120727,-0.018863210179547125
8.884198079231693,0.047160934676952766,-0.018726941668978928,0.047038256425191785,-0.01867839746546354,0.047184112629021335,-0.018740917086653923
8.89420168067227,0.04687817753243522,-0.01861147662923233,0.046756872617028114,-0.018563501357251353,0.0468850230168354,-0.01861862399376072
8.904205282112844,0.0465971098929475,-0.018496726200392877,0.046475488808864485,-0.018448605249039192,0.04658593340464952,-0.018496330900867542
8.914208883553421,0.046317721793582976,-0.018382685988887773,0.04619755474789819,-0.018335167811373922,0.04628684379246358,-0.01837403780797434
8.924212484993998,0.04604000332528285,-0.018269351626705725,0.045920810221968734,-0.018222233349614855,0.045987754180277646,-0.018251744715081137
8.934216086434574,0.045763944634589306,-0.018156718771288362,0.04564406569603927,-0.018109298887855785,0.045688664568091716,-0.018129451622187934
8.94421968787515,0.04548953592339838,-0.018044783105421194,0.04537174700969286,-0.01799823458043641,0.04538957495590583,-0.018007158529294753
8.954223289315726,0.045216767448712114,-0.01793354033712395,0.04509956567930447,-0.01788722831326819,0.04511310073337671,-0.017894324820269928
8.964226890756303,0.044945629522390576,-0.017822986199540546,0.044828265180152885,-0.017776593969983746,0.04486525241609967,-0.017793464525387784
8.97423049219688,0.0446761125109031,-0.017713116450828403,0.044560573229646384,-0.0176674833072533,0.04461740409882262,-0.01769260423050564
8.984234093637454,0.044408206835079414,-0.017603926874047535,0.044292881279139926,-0.017558372644522872,0.044369555781545625,-0.017591743935623513
8.99423769507803,0.044141902969860154,-0.01749541327704902,0.04402705495712015,-0.01745004920311047,0.04412170746426858,-0.017490883640741372
9.004241296518607,0.04387719144404758,-0.017387571492363422,0.04376377861730783,-0.01734280175317688,0.04387385914699153,-0.017390023345859228
9.014244897959184,0.04361406284005566,-0.017280397377088714,0.04350050227749551,-0.01723555430324329,0.04362601082971449,-0.017289163050977083
9.024248499399759,0.0433525077936602,-0.01717388681277799,0.04324004444633094,-0.017129495271287754,0.043378162512437486,-0.017188302756094957
9.034252100840336,0.043092516993748664,-0.01706803570532696,0.04298111221595181,-0.017024079505551105,0.043130314195160446,-0.017087442461212812
9.044255702280912,0.04283408118207035,-0.016962839984861356,0.04272217998557267,-0.01691866373981446,0.0428824658778834,-0.016986582166330668
9.054259303721489,0.0425771911529861,-0.016858295605624123,0.04246698677333458,-0.016814823467934174,0.04263461756060635,-0.016885721871448524
9.064262905162064,0.04232183775321838,-0.01675439854586255,0.042212327141295886,-0.01671120802842814,0.042386769243329354,-0.0167848615765664
9.07426650660264,0.04206801188156012,-0.016651144807664758,0.04195809381295209,-0.016607772085195944,0.04213892092605231,-0.016684001281684256
9.084270108043217,0.04181570448873297,-0.01654853041691377,0.041707637534203354,-0.016505926478469223,0.04189107260877527,-0.016583140986802112
9.094273709483794,0.04156490657714033,-0.016446551423206533,0.04145718125545461,-0.016404080871742506,0.04164322429149822,-0.016482280691919968
9.104277310924369,0.04131560920054491,-0.016345203899679885,0.04120807980127752,-0.016302805334943587,0.04139537597422122,-0.01638142039703784
9.114280912364945,0.04106780346382028,-0.016244483942896307,0.04096175756323117,-0.01620269920972174,0.041147527656944176,-0.0162805601021557
9.124284513805522,0.040821480522703006,-0.016144387672729757,0.040715435325184825,-0.0161025930844999,0.04089967933966713,-0.016179699807273556
9.134288115246099,0.04057663158354453,-0.01604491123225126,0.04047136631630945,-0.016003434345542984,0.04065183102239009,-0.01607883951239141
9.144291716686675,0.04033324790306351,-0.015946050787614484,0.04022911107192083,-0.015905038216792202,0.04040398270511304,-0.015977979217509267
9.15429531812725,0.040091320788098433,-0.015847802527941355,0.03998685582753225,-0.01580664208804144,0.040156134387836044,-0.01587711892262714
9.164298919567827,0.03985084159536024,-0.015750162665207415,0.03974772177210861,-0.01570955740506415,0.039908286070559,-0.015776258627744996
9.174302521008403,0.03961180173118567,-0.01565312743412748,0.03950946634777552,-0.015612841900961663,0.03966043775328195,-0.015675398332862855
9.18430612244898,0.039374192651290454,-0.015556693092040975,0.03927123703746075,-0.015516137361147694,0.03941258943600491,-0.01557453803798071
9.194309723889555,0.03913800586052313,-0.015460855918797464,0.03903691652615376,-0.015421073978184726,0.039164741118727905,-0.015473677743098584
9.204313325330132,0.03890323291261887,-0.015365612216642052,0.03880259601484672,-0.01532601059522174,0.038916892801450866,-0.01537281744821644
9.214316926770708,0.038669865409954166,-0.015270958310100993,0.038569176941688064,-0.015231325438304893,0.03866904448417382,-0.015271957153334296
9.224320528211285,0.03843789500330135,-0.01517689054586717,0.03833872624955317,-0.015137885756765456,0.03842119616689677,-0.015171096858452152
9.23432412965186,0.03820731339158386,-0.015083405292685717,0.03810827555741833,-0.015044446075226037,0.038173347849619774,-0.015070236563570026
9.244327731092437,0.03797811232163164,-0.014990498941239617,0.03787957320769015,-0.014951739418410905,0.03792549953234273,-0.014969376268687882
9.254331332533013,0.037750283587937306,-0.014898167904035533,0.037652929510134735,-0.014859895889399339,0.03767765121506569,-0.01486851597380574
9.26433493397359,0.037523819032412455,-0.014806408615289583,0.03742628581257931,-0.014768052360387772,0.03742980289778864,-0.014767655678923595
9.274338535414165,0.03729871054414456,-0.014715217530813287,0.03720220875654431,-0.014677284222917215,0.037222972875527505,-0.014684190241487226
9.284342136854741,0.03707495005915426,-0.014624591127899562,0.03697930898068849,-0.01458700935150506,0.037017971780602225,-0.01460150040748034
9.294345738295318,0.03685252956015334,-0.014534525905208973,0.036756409204832675,-0.014496734480092902,0.03681297068567694,-0.014518810573473453
9.304349339735895,0.036631441076303034,-0.014445018382656011,0.03653686789560594,-0.014407865719415085,0.03660796959075166,-0.014436120739466565
9.31435294117647,0.03641167668297295,-0.014356065101295569,0.03631765124229533,-0.014319132884509072,0.03640296849582641,-0.014353430905459692
9.324356542617046,0.03619322850150042,-0.014267662623209526,0.03609893499617574,-0.014230609418474186,0.03619796740090113,-0.014270741071452805
9.334360144057623,0.035976088698950685,-0.01417980753139367,0.0358833403553456,-0.014143392022750233,0.03599296630597584,-0.014188051237445919
9.3443637454982,0.03576024948787744,-0.014092496429644602,0.03566774571451546,-0.014056174627026283,0.03578796521105056,-0.01410536140343903
9.354367346938774,0.035545703126084086,-0.014005725942447032,0.035453449716059245,-0.013969500176434791,0.03558296411612531,-0.014022671569432158
9.364370948379351,0.03533244191638542,-0.013919492714861103,0.035241418257715776,-0.013883772499994654,0.03537796302120003,-0.013939981735425272
9.374374549819928,0.03512045820637036,-0.013833793412410169,0.0350293867993723,-0.013798044823554515,0.03517296192627475,-0.013857291901418385
9.384378151260504,0.034909744388164965,-0.013748624720968631,0.03481942537029955,-0.013713182023466537,0.03496796083134946,-0.013774602067411497
9.394381752701081,0.03470029289819627,-0.01366398334665011,0.03461089788977757,-0.013628918339637114,0.03476295973642418,-0.01369191223340461
9.404385354141656,0.03449209621695687,-0.01357986601569589,0.034402370409255624,-0.013544654655807708,0.03455795864149894,-0.013609222399397738
9.414388955582233,0.03428514686877002,-0.013496269474363571,0.034196659418155674,-0.013461566855815637,0.03435295754657365,-0.013526532565390851
9.42439255702281,0.034079437421555815,-0.013413190488816165,0.03399157899918353,-0.013378742319575799,0.034147956451648365,-0.013443842731383963
9.434396158463386,0.0338749604865978,-0.013330625845011346,0.03378664560466456,-0.01329597912539457,0.033942955356723085,-0.013361152897377077
9.44439975990396,0.03367170871831052,-0.01324857234859111,0.0335849548914097,-0.01321456885407651,0.033737954261797834,-0.013278463063370204
9.454403361344538,0.03346967481400768,-0.013167026824771678,0.03338326417815482,-0.01313315858275844,0.033532953166872555,-0.013195773229363317
9.464406962785114,0.03326885151367145,-0.013085986118233904,0.03318247274613945,-0.013052123236295699,0.03332795207194727,-0.01311308339535643
9.47441056422569,0.03306923159972226,-0.013005447093013876,0.032984116681551295,-0.012972103233799005,0.03312295097702199,-0.013030393561349543
9.484414165666266,0.0328708078967896,-0.012925406632393983,0.03278576061696318,-0.012892083231302325,0.03291794988209674,-0.01294770372734267
9.494417767106842,0.03267357327148357,-0.012845861638794285,0.03258903092036444,-0.012812740841482761,0.03271294878717146,-0.012865013893335784
9.504421368547419,0.03247752063216751,-0.012766809033664417,0.032393953941812166,-0.012734087042872131,0.03250794769224617,-0.012782324059328897
9.514424969987996,0.032282642928731356,-0.01268824575737576,0.03219887696325989,-0.012655433244261502,0.03230294659732089,-0.012699634225322009
9.52442857142857,0.032088933152365946,-0.012610168769114123,0.03200612996077259,-0.012577749498599017,0.03209794550239564,-0.012616944391315136
9.534432172869147,0.03189638433533823,-0.01253257504677276,0.03181427881694321,-0.012500438731159493,0.03189294440747036,-0.01253425455730825
9.544435774309724,0.03170498955076759,-0.012455461586846003,0.03162242767311384,-0.012423127963719967,0.031687943312545076,-0.012451564723301362
9.5544393757503,0.031514741912402944,-0.012378825404323194,0.03143358546814304,-0.012347069106160605,0.0314829422176198,-0.012368874889294475
9.564442977190875,0.031325634574400976,-0.012302663532583177,0.031244906334983266,-0.012271078096843096,0.031277941122694546,-0.012286185055287602
9.574446578631452,0.03113766073110515,-0.01222697302328919,0.031056772962464684,-0.012195313992859577,0.031072940027769266,-0.012203495221280716
9.584450180072029,0.030950813616826122,-0.012151750946284418,0.030871214341997938,-0.012120620367269281,0.030876911851450355,-0.012124483015597301
9.594453781512605,0.030765086505622884,-0.012076994389487878,0.030685655721531188,-0.012045926741678986,0.030707569620894423,-0.012056408275668552
9.60445738295318,0.03058047271108506,-0.01200270045879095,0.030501328128553825,-0.01197174459514571,0.03053822739033852,-0.011988333535739814
9.614460984393757,0.030396965586115605,-0.011928866277954003,0.03031883788174259,-0.01189832584674332,0.030368885159782588,-0.011920258795811066
9.624464585834334,0.030214558522514617,-0.011855488988401648,0.03013634763493135,-0.011824907098340932,0.030199542929226657,-0.011852184055882316
9.63446818727491,0.030033244951071358,-0.011782565749269872,0.029955751554217945,-0.011752274784532802,0.030030200698670725,-0.011784109315953566
9.644471788715485,0.029853018341406076,-0.011710093737336232,0.029776279885155355,-0.011680109312688215,0.029860858468114822,-0.011716034576024829
9.654475390156062,0.029673872201559866,-0.011638070146820634,0.029596808216092736,-0.011607943840843616,0.02969151623755889,-0.011647959836096079
9.664478991596638,0.02949580007778393,-0.01156649218928477,0.029419870707006024,-0.011536829842250382,0.02952217400700296,-0.01157988509616733
9.674482593037215,0.029318795554329202,-0.011495357093531779,0.029243367109214716,-0.011465895882062347,0.029352831776447028,-0.011511810356238581
9.684486194477792,0.029142852253236894,-0.011424662105506328,0.02906709743009922,-0.011395058909275937,0.029183489545891093,-0.011443735616309831
9.694489795918367,0.028967963834129716,-0.01135440448819501,0.028893513759648982,-0.011325335609864613,0.029014147315335193,-0.011375660876381094
9.704493397358943,0.0287941239940037,-0.011284581521527082,0.028719930089198712,-0.011255612310453274,0.02884480508477926,-0.011307586136452344
9.71449699879952,0.028621326467021098,-0.011215190502275627,0.02854722613765003,-0.0111862535266903,0.02867546285422333,-0.011239511396523596
9.724500600240097,0.02844956502430364,-0.011146228743958991,0.028376513469306985,-0.011117719840452754,0.0285061206236674,-0.011171436656594846
9.734504201680672,0.028278833473726794,-0.011077693576742651,0.02820580080096397,-0.011049186154215223,0.028336778393111495,-0.011103361916666108
9.744507803121248,0.028109125659714625,-0.011009582347341361,0.02803659277799316,-0.010981275477266284,0.028167436162555563,-0.011035287176737359
9.754511404561825,0.02794043546303562,-0.01094189241892182,0.027868704570914605,-0.010913911279624225,0.027998093931999632,-0.010967212436808609
9.764515006002402,0.02777275680059912,-0.010874621171005568,0.027700816363836048,-0.010846547081982164,0.0278287517014437,-0.010899137696879859
9.774518607442976,0.027606083625252614,-0.010807765999372353,0.027535036016152384,-0.010780055104511792,0.027659409470887797,-0.010831062956951123
9.784522208883553,0.027440409925579695,-0.010741324315963793,0.02736992487619317,-0.010713840041373435,0.027490067240331865,-0.010762988217022373
9.79452581032413,0.027275729725699093,-0.010675293548787584,0.02720481373623396,-0.010647624978235078,0.027320725009775934,-0.010694913477093624
9.804529411764706,0.027112037085064232,-0.010609671141821927,0.027042394592093236,-0.010582523052982589,0.027151382779220003,-0.010626838737164874
9.814533013205281,0.02694932609826376,-0.010544454554920465,0.026880015533833894,-0.01051743770320654,0.0269820405486641,-0.010558763997236136
9.824536614645858,0.026787590894822754,-0.010479641263717532,0.02671820495466117,-0.010452587271053016,0.026812698318108168,-0.010490689257307388
9.834540216086435,0.026626825639004984,-0.010415228759533934,0.026558512066067425,-0.010388611950839016,0.026643356087552236,-0.010422614517378638
9.844543817527011,0.02646702452961581,-0.010351214549283009,0.02639881917747368,-0.010324636630625017,0.026474013856996305,-0.010354539777449889
9.854547418967586,0.02630818179980602,-0.010287596155377183,0.026240283619409405,-0.010261139225417737,0.0263046716264404,-0.010286465037521151
9.864551020408163,0.026150291716876377,-0.010224371115634864,0.026083233424059153,-0.01019825519479393,0.02613532939588447,-0.010218390297592403
9.87455462184874,0.025993348582083305,-0.010161536983187874,0.0259261832287089,-0.010135371164170126,0.02596598716532854,-0.010150315557663653
9.884558223289316,0.025837346730445184,-0.010099091326389201,0.02577085887244196,-0.010073199367336718,0.025796644934772607,-0.010082240817734903
9.894561824729891,0.02568228053054963,-0.010037031728721233,0.025616406892619036,-0.010011387590152526,0.025627302704216703,-0.010014166077806166
9.904565426170468,0.02552814438436154,-0.009975355788704366,0.02546195491279608,-0.009949575812968323,0.025468225305140136,-0.009950398600588965
9.914569027611044,0.025374932727032274,-0.00991406111980617,0.0253097793449178,-0.00988870282352012,0.02532854751537615,-0.009894771462935903
9.924572629051621,0.02522264002670947,-0.009853145350350858,0.02515788356801712,-0.009827945219311842,0.025188869725612167,-0.009839144325282843
9.934576230492196,0.025071260784347925,-0.0097926061234293,0.025006281444459384,-0.009767308642333977,0.025049191935848206,-0.00978351718762979
9.944579831932773,0.02492078953352121,-0.009732441096809399,0.024856898780476738,-0.009707586800542432,0.02490951414608422,-0.00972789004997673
9.95458343337335,0.024771220840234497,-0.009672647942847027,0.024707516116494087,-0.009647864958750888,0.024769836356320234,-0.009672262912323669
9.964587034813926,0.024622549302738012,-0.009613224348397334,0.024558981904230753,-0.009588492556249826,0.02463015856655625,-0.009616635774670607
9.974590636254502,0.024474769551341598,-0.009554168014726548,0.024412071760444895,-0.009529789034868974,0.024490480776792264,-0.009561008637017546
9.984594237695077,0.02432787624823015,-0.00949547665742424,0.024265161616659064,-0.009471085513488135,0.0243508029870283,-0.009505381499364494
9.994597839135654,0.024181864087279955,-0.009437148006316029,0.024119635692647835,-0.009412951741531901,0.024211125197264316,-0.009449754361711435
10.00460144057623,0.024036727793876167,-0.00937917980537685,0.023975156321344067,-0.009355248734121756,0.02407144740750033,-0.009394127224058373
10.014605042016807,0.02389246212473104,-0.00932156981264459,0.023830676950040302,-0.009297545726711612,0.023931769617736347,-0.009338500086405311
10.024608643457382,0.02374906186770324,-0.009264315800134275,0.023688100686220587,-0.009240625501315842,0.023792091827972383,-0.00928287294875226
10.034612244897959,0.02360652184161804,-0.009207415553752686,0.02354601287187196,-0.009183906183889857,0.0236524140382084,-0.009227245811099198
10.044615846338536,0.02346483689608869,-0.009150866873213558,0.02340397693478441,-0.009127208191585714,0.023512736248444414,-0.009171618673446137
10.054619447779112,0.023324001911338585,-0.009094667571953182,0.0232642402277191,-0.009071455340936218,0.02337305845868043,-0.009115991535793077
10.064623049219687,0.02318401179802452,-0.009038815477046545,0.023124503520653816,-0.009015702490286734,0.02323338066891647,-0.009060364398140026
10.074626650660264,0.023044861497060875,-0.008983308429123938,0.022985341348005423,-0.008960185650210912,0.02309370287915248,-0.009004737260486964
10.08463025210084,0.022906545979445015,-0.008928144282288159,0.022847917868437987,-0.008905383040543922,0.022954025089388496,-0.008949110122833902
10.094633853541417,0.02276906024608346,-0.008873320904032114,0.022710494388870548,-0.008850580430876932,0.02281434729962451,-0.00889348298518084
10.104637454981992,0.022632399327619266,-0.008818836175157004,0.022574150332010663,-0.008796220967067525,0.02267466950986055,-0.00883785584752779
10.114641056422569,0.02249655828426028,-0.00876468798969098,0.022439000885229855,-0.008742351938102848,0.022534991720096563,-0.008782228709874728
10.124644657863145,0.022361532205608683,-0.00871087425480841,0.022303851438449044,-0.008688482909138168,0.02239531393033258,-0.008726601572221668
10.134648259303722,0.022227316210491326,-0.008657392890749547,0.02217027039267497,-0.008635257331146222,0.022255636140568594,-0.008670974434568606
10.144651860744297,0.02209390544679132,-0.00860424183074085,0.022037358394410022,-0.00858230623606311,0.022115958350804633,-0.008615347296915555
10.154655462184873,0.021961295091280485,-0.008551419020915704,0.02190444639614505,-0.008529355140979989,0.021976280561040645,-0.008559720159262494
10.16465906362545,0.021829480349453152,-0.008498922420235849,0.02177357392304683,-0.00847724028404028,0.02183660277127666,-0.008504093021609432
10.174662665066027,0.021698456455358107,-0.008446750000411942,0.0216428613916145,-0.008425191005757756,0.021696924981512676,-0.008448465883956372
10.184666266506602,0.021568218671199946,-0.00839489974571697,0.021512481241137953,-0.008373277916633169,0.021557247191748716,-0.008392838746303321
10.194669867947178,0.021438762287556253,-0.00834336965308425,0.021383932848767873,-0.008322115368686475,0.021417569401984728,-0.00833721160865026
10.204673469387755,0.02131008262322075,-0.008292157732034204,0.02125538445639779,-0.008270952820739782,0.021277891612220743,-0.008281584470997198
10.214677070828332,0.02118217502485381,-0.00824126200451124,0.02112764421508608,-0.008220121209063963,0.02113821382245676,-0.008225957333344136
10.224680672268907,0.021055034866822756,-0.008190680504808267,0.021001223152322872,-0.008169829798412371,0.02100497962524301,-0.008172914227799867
10.234684273709483,0.020928657551042534,-0.008140411279491453,0.020874802089559642,-0.00811953838776077,0.02088986011900644,-0.008127135539234314
10.24468787515006,0.02080303850681743,-0.008090452387325467,0.020749649924639672,-0.008069766238796235,0.02077474061276987,-0.008081356850668762
10.254691476590637,0.02067817319068315,-0.008040801899198924,0.02062532208239592,-0.008020331421308629,0.020659621106533296,-0.00803557816210321
10.264695078031213,0.020554057086249678,-0.00799145789805027,0.02050099424015217,-0.00797089660382102,0.020544501600296725,-0.007989799473537656
10.274698679471788,0.020430685704044885,-0.007942418478793978,0.020378379299267075,-0.007922162338206196,0.020429382094060176,-0.007944020784972113
10.284702280912365,0.02030805458135862,-0.007893681748247085,0.02025610900062778,-0.00787356902628349,0.020314262587823605,-0.00789824209640656
10.294705882352941,0.020186159282087786,-0.007845245825056127,0.020133957754204405,-0.007825024372503401,0.020199143081587035,-0.007852463407841008
10.304709483793518,0.020064995396581846,-0.007797108839624386,0.02001371207212681,-0.007777258546912184,0.020084023575350465,-0.007806684719275455
10.314713085234093,0.019944558541489164,-0.007749268934039511,0.01989346639004924,-0.007729492721320976,0.019968904069113915,-0.00776090603070991
10.32471668667467,0.0198248443596039,-0.007701724262001447,0.01977378807948091,-0.007681958654846848,0.019853784562877345,-0.0077151273421443576
10.334720288115246,0.019705848519713857,-0.007654472988750829,0.019655532430994428,-0.007635005715381435,0.019738665056640774,-0.007669348653578805
10.344723889555823,0.019587566716448786,-0.007607513290997625,0.019537276782507947,-0.007588052775916023,0.019623545550404204,-0.007623569965013253
10.354727490996398,0.01946999467012955,-0.007560843356850207,0.019420022605509984,-0.007541508645299666,0.019508426044167654,-0.007577791276447709
10.364731092436974,0.019353128126617845,-0.007514461385744722,0.019303725210137873,-0.007495355080765066,0.019393306537931084,-0.007532012587882156
10.374734693877551,0.019236962857166903,-0.007468365588374925,0.01918742781476576,-0.007449201516230467,0.019278187031694514,-0.007486233899316604
10.384738295318128,0.019121494658272634,-0.007422554186622282,0.01907255031864732,-0.007403627238259312,0.019163067525457943,-0.007440455210751051
10.394741896758703,0.019006719351525692,-0.007377025413486484,0.01895817764983599,-0.0073582589183342,0.019047948019221394,-0.007394676522185507
10.40474549819928,0.018892632783464074,-0.007331777513016313,0.018843804981024635,-0.007312890598409079,0.018932828512984824,-0.007348897833619954
10.414749099639856,0.01877923082542674,-0.007286808740240909,0.018731258220294603,-0.007268266718162507,0.018817709006748253,-0.007303119145054402
10.424752701080433,0.018666509373407664,-0.007242117361101372,0.018618779609793856,-0.007223670623397197,0.018702589500511683,-0.0072573404564888495
10.434756302521007,0.01855446434791084,-0.007197701652382763,0.018506655295553155,-0.007179218897777803,0.018587469994275133,-0.007211561767923305
10.444759903961584,0.018443091693805844,-0.007153559901646436,0.01839603823674347,-0.007135381350753528,0.018472350488038563,-0.007165783079357752
10.45476350540216,0.018332387380184414,-0.007109690407162821,0.018285421177933782,-0.007091543803729255,0.018357230981801993,-0.0071200043907922
10.464767106842737,0.018222347400217477,-0.007066091477844517,0.018175567364565402,-0.0070480170624102785,0.01824211147556542,-0.0070742257022266474
10.474770708283312,0.018112967771013157,-0.007022761433179801,0.018066782268201503,-0.007004925519684526,0.01812699196932887,-0.007028447013661103
10.484774309723889,0.018004244533475378,-0.006979698603166473,0.017957997171837582,-0.0069618339769587645,0.0180118724630923,-0.00698266832509555
10.494777911164466,0.0178961737521634,-0.006936901328246158,0.01785036963503399,-0.006919213550760675,0.01789675295685573,-0.006936889636529998
10.504781512605042,0.01778875151515198,-0.006894367959238924,0.017743384978966804,-0.006876854771350039,0.017781633450619158,-0.006891110947964445
10.514785114045617,0.017681973933892373,-0.0068520968572783215,0.017636400322899638,-0.00683449599193941,0.01766651394438261,-0.006845332259398901
10.524788715486194,0.017575837143074022,-0.006810086393746765,0.017530955863458385,-0.006792763653781499,0.017551394438146038,-0.006799553570833348
10.53479231692677,0.017470337300487217,-0.006768334950211381,0.017425743105321235,-0.006751125555055589,0.017436274931909468,-0.006753774882267796
10.544795918367347,0.01736547058688631,-0.006726840918360166,0.017320696712875745,-0.006709555085057285,0.01732161695448031,-0.00670818852667641
10.554799519807924,0.017261233205853856,-0.006685602699938583,0.01721722528052027,-0.006668624846502446,0.017226860533589763,-0.00667089574994328
10.564803121248499,0.0171576213836655,-0.0066446187066865345,0.01711375384816481,-0.006627694607947613,0.01713210411269923,-0.006633602973210155
10.574806722689075,0.017054631369155616,-0.006603887360275711,0.017010833991498518,-0.006586988444682347,0.017037347691808685,-0.006596310196477025
10.584810324129652,0.01695225943358389,-0.006563407092247393,0.01690907635838291,-0.006546754429816245,0.01694259127091814,-0.0065590174197438945
10.594813925570229,0.0168505018705025,-0.006523176343950578,0.016807318725267296,-0.006506520414950144,0.01684783485002759,-0.006521724643010764
10.604817527010804,0.01674935499562427,-0.006483193566480564,0.016706484252030956,-0.006466661228138435,0.01675307842913706,-0.00648443186627764
10.61482112845138,0.01664881514669149,-0.006443457220617878,0.016606410762505155,-0.00642711102143954,0.01665832200824651,-0.006447139089544509
10.624824729891957,0.01654887868334571,-0.006403965776767674,0.016506337272979354,-0.006387560814740647,0.016563565587355965,-0.006409846312811379
10.634828331332534,0.016449541986998197,-0.006364717714899472,0.016407547517493026,-0.006348531507386751,0.01646880916646542,-0.006372553536078248
10.644831932773108,0.016350801460701336,-0.006325711524487347,0.01630913163083595,-0.006309653904375251,0.016374052745574887,-0.006335260759345124
10.654835534213685,0.01625265352902068,-0.006286945704450463,0.016210716975993272,-0.006270776800930377,0.01627929632468434,-0.006297967982611993
10.664839135654262,0.016155094637908093,-0.006248418763094106,0.016113929920491456,-0.006232559776073509,0.016184539903793795,-0.006260675205878863
10.674842737094838,0.01605812125457547,-0.006210129218051044,0.01601714286498964,-0.006194342751216641,0.016089783482903245,-0.006223382429145732
10.684846338535413,0.01596172986736945,-0.0061720755962233476,0.01592071984346093,-0.006156273268401837,0.015995027062012716,-0.006186089652412608
10.69484993997599,0.015865916985646836,-0.006134256433724563,0.01582553603523606,-0.006118706035582663,0.01590027064112217,-0.0061487968756794775
10.704853541416567,0.015770679139651023,-0.006096670275822397,0.01573035222701119,-0.00608113880276349,0.01580551422023162,-0.006111504098946347
10.714857142857143,0.01567601288038915,-0.006059315676881721,0.015635882616588697,-0.006043860880882443,0.015710757799341075,-0.0060742113222132165
10.724860744297718,0.015581914779510132,-0.006022191200308046,0.015542274136216202,-0.0060069317900140135,0.015616001378450544,-0.006036918545480092
10.734864345738295,0.0154883814291835,-0.005985295418491377,0.015448665655843689,-0.0059700026991455785,0.015521244957559997,-0.005999625768746962
10.744867947178872,0.015395409441979249,-0.005948626912750543,0.015356111119259648,-0.005933500277811637,0.015426488536669449,-0.005962332992013831
10.754871548619448,0.015302995450701686,-0.005912184273257092,0.01526405331172876,-0.00589719894799339,0.015331732115778903,-0.005925040215280701
10.764875150060023,0.015211136108097182,-0.00587596609890294,0.015171995504197889,-0.005860897618175148,0.015236975694888372,-0.005887747438547576
10.7748787515006,0.015119828087234456,-0.005839970997467612,0.015081318014191006,-0.005825154795530213,0.015142219273997825,-0.005850454661814446
10.784882352941176,0.015029068081132068,-0.005804197585450437,0.01499078378160516,-0.005789469938024376,0.015047462853107277,-0.005813161885081315
10.794885954381753,0.014938852802585074,-0.0057686444879913494,0.014900447940932171,-0.005753865304391058,0.01495270643221673,-0.005775869108348185
10.804889555822328,0.014849178984049851,-0.005733310338817635,0.01481141353015261,-0.005718786930847465,0.0148579500113262,-0.0057385763316150605
10.814893157262905,0.014760043377529328,-0.005698193780190902,0.014722379119373035,-0.005683708557303865,0.014763193590435653,-0.00570128355488193
10.824896758703481,0.014671442754458886,-0.005663293462854362,0.01463387308346808,-0.005648843734213054,0.014668437169545107,-0.0056639907781487996
10.834900360144058,0.014583373905592627,-0.005628608045980325,0.014546312188225212,-0.005614360903578792,0.014573680748654559,-0.005626698001415669
10.844903961584635,0.014495833640890207,-0.005594136197117974,0.014458751292982344,-0.0055798780729445305,0.014478924327764011,-0.005589405224682539
10.85490756302521,0.014408818789404232,-0.005559876592141411,0.014372038854690426,-0.0055457379470162564,0.01438416790687348,-0.005552112447949414
10.864911164465786,0.014322326199168024,-0.005525827915197928,0.014285928597678254,-0.0055118410512933515,0.014289411485982933,-0.005514819671216284
10.874914765906363,0.014236352737084146,-0.00549198885865662,0.01419981834066608,-0.0054779441555704465,0.014205547261124442,-0.005481792573090937
10.88491836734694,0.014150895288813239,-0.00545835812305717,0.014114864105263603,-0.005444513960080405,0.014127574321020351,-0.005451072661438847
10.894921968787514,0.014065950758663476,-0.005424934417058967,0.014030178942771645,-0.005411192392654874,0.014049601380916276,-0.005420352749786763
10.904925570228091,0.013981516069480502,-0.005391716457390443,0.013945546386313054,-0.005377892049926412,0.013971628440812187,-0.005389632838134673
10.914929171668668,0.013897588162538003,-0.005358702968798728,0.01386226429176226,-0.0053451365714095095,0.013893655500708098,-0.005358912926482583
10.924932773109244,0.013814163997428684,-0.005325892683999526,0.013778982197211465,-0.005312381092892607,0.013815682560604009,-0.005328193014830493
10.93493637454982,0.013731240551955862,-0.005293284343627291,0.013696063684120336,-0.005279772234176161,0.013737709620499933,-0.005297473103178408
10.944939975990396,0.013648814822025528,-0.005260876696185634,0.01361415984809764,-0.005247572559551326,0.013659736680395844,-0.005266753191526318
10.954943577430972,0.013566883821539054,-0.005228668497998056,0.013532256012074941,-0.005215372884926492,0.013581763740291755,-0.005236033279874229
10.96494717887155,0.013485444582286345,-0.005196658513158906,0.013451017272949188,-0.005183441257703745,0.013503790800187666,-0.005205313368222139
10.974950780312124,0.013404494153839586,-0.005164845513484632,0.01337047049540774,-0.005151788504891435,0.01342581786008359,-0.005174593456570054
10.9849543817527,0.013324029603447475,-0.0051332282784652735,0.013289923717866277,-0.005120135752079119,0.013347844919979502,-0.005143873544917964
10.994957983193277,0.01324404801593013,-0.00510180559521629,0.013210331877937196,-0.005088867670569625,0.013269871979875413,-0.005113153633265874
11.004961584633854,0.013164546493574398,-0.0050705762584305975,0.01313111805627933,-0.0050577518636998504,0.013191899039771323,-0.005082433721613784
11.014965186074429,0.013085522156029851,-0.005039539070330919,0.013051904234621482,-0.0050266360568300816,0.013113926099667248,-0.0050517138099617
11.024968787515006,0.013006972140205188,-0.005008692840622372,0.012973927775729375,-0.0049960183877220815,0.013035953159563159,-0.00502099389830961
11.034972388955582,0.012928893600165378,-0.0049780363864454,0.012896026513134344,-0.004965430991155131,0.01295798021945907,-0.00499027398665752
11.044975990396159,0.012851283707029225,-0.004947568532328902,0.012818343133061268,-0.0049349312676345205,0.01288000727935498,-0.00495955407500543
11.054979591836734,0.012774139648867552,-0.004917288110143699,0.012741731007018437,-0.004904862602573272,0.012802034339250905,-0.004928834163353346
11.06498319327731,0.012697458630601894,-0.004887193959056229,0.012665118880975594,-0.004874793937512018,0.012724061399146815,-0.004898114251701256
11.074986794717887,0.01262123787390388,-0.004857284925482575,0.012589008619821707,-0.004844927095114596,0.012646088459042727,-0.004867394340049166
11.084990396158464,0.012545474617095067,-0.004827559863042732,0.012513666014297231,-0.004815368961908515,0.012568115518938636,-0.004836674428397076
11.094993997599039,0.01247016611504741,-0.004798017632515172,0.012438323408772768,-0.004785810828702441,0.012490142578834561,-0.004805954516744992
11.104997599039615,0.012395309639084221,-0.004768657101791667,0.012363755812527322,-0.004756564214464851,0.012412169638730472,-0.004775234605092902
11.115001200480192,0.012320902476881876,-0.004739477145832443,0.012289659959096626,-0.004727507219679597,0.012334196698626383,-0.004744514693440812
11.125004801920769,0.012246941932371927,-0.004710476646621566,0.012215564105665929,-0.004698450224894343,0.012256223758522294,-0.004713794781788722
11.135008403361345,0.012173425325643883,-0.004681654493122637,0.012142509417463494,-0.004669811482455188,0.012178250818418205,-0.004683074870136632
11.14501200480192,0.012100349992848565,-0.004653009581234773,0.012069641459286294,-0.004641247752385851,0.01210027787831413,-0.004652354958484547
11.155015606242497,0.012027713286102002,-0.004624540813748839,0.011996863005426113,-0.004612719960853706,0.01202230493821004,-0.004621635046832457
11.165019207683073,0.011955512573390028,-0.004596247100304033,0.011925200802864855,-0.004584640376069106,0.011944331998105951,-0.004590915135180368
11.17502280912365,0.011883745238473338,-0.00456812735734469,0.011853538600303597,-0.004556560791284506,0.011866359058001862,-0.004560195223528278
11.185026410564225,0.011812408680793232,-0.004540180508077412,0.011782233324336259,-0.004528624437856851,0.011788386117897787,-0.004529475311876193
11.195030012004802,0.01174150031537787,-0.004512405482428457,0.0117117587589756,-0.004501021440949699,0.011712684467796561,-0.004499700293183813
11.205033613445378,0.011671017572749241,-0.004484801217001459,0.011641284193614942,-0.0044734184440425465,0.01164860139219424,-0.004474758787267006
11.215037214885955,0.01160095789883063,-0.004457366655035398,0.011571423976340301,-0.004446061866380223,0.01158451831659192,-0.004449817281350198
11.22504081632653,0.011531318754854749,-0.004430100746362881,0.011502115512707542,-0.004418926600900453,0.011520435240989611,-0.0044248757754333954
11.235044417767106,0.011462097617272387,-0.004403002447368693,0.011432807049074772,-0.004391791335420678,0.01145635216538729,-0.004399934269516588
11.245048019207683,0.011393291977661825,-0.004376070720948676,0.011364363722524674,-0.004365002878176977,0.011392269089784968,-0.004374992763599781
11.25505162064826,0.011324899342638712,-0.0043493045364688685,0.011296203960665448,-0.004338328093751404,0.011328186014182647,-0.004350051257682974
11.265055222088835,0.011256917233766619,-0.004322702869724952,0.011228044198806235,-0.004311653309325836,0.011264102938580338,-0.004325109751766171
11.275058823529411,0.011189343187468167,-0.004296264702901974,0.011160989005409593,-0.0042854211145792985,0.011200019862978017,-0.0043001682458493635
11.285062424969988,0.01112217475493687,-0.004269989024534402,0.01109395699004559,-0.0042591982070416335,0.011135936787375697,-0.004275226739932556
11.295066026410565,0.011055409502049477,-0.004243874829466443,0.011027153574166546,-0.004233066843476141,0.011071853711773376,-0.004250285234015749
11.30506962785114,0.010989045009279021,-0.004217921118812664,0.010961232604625521,-0.004207288860597511,0.011007770636171066,-0.004225343728098946
11.315073229291716,0.010923078871608411,-0.0041921268999189016,0.010895311635084486,-0.004181510877718876,0.010943687560568745,-0.004200402222182139
11.325076830732293,0.01085750869844476,-0.004166491186323511,0.010829861886047001,-0.004155921514141678,0.010879604484966424,-0.0041754607162653315
11.33508043217287,0.010792332113534257,-0.004141012997718856,0.010765031563902018,-0.004130580093654549,0.010815521409364103,-0.004150519210348525
11.345084033613444,0.010727546754877694,-0.00411569135991314,0.010700201241757046,-0.004105238673167425,0.010751438333761793,-0.004125577704431722
11.355087635054021,0.010663150274556289,-0.0040905253047533756,0.010636078411347318,-0.004080180281464932,0.010687355258159472,-0.004100636198514915
11.365091236494598,0.010599140338613837,-0.004065513870072866,0.010572322716795101,-0.004055268760758058,0.010623272182557151,-0.004075694692598108
11.375094837935174,0.010535514627351479,-0.0040406560998174105,0.010508567022242883,-0.004030357240051184,0.01055918910695483,-0.0040507531866813004
11.385098439375751,0.010472270834979326,-0.004015951043892762,0.01044574443886042,-0.004005818843511616,0.01049510603135251,-0.004025811680764493
11.395102040816326,0.010409406669519505,-0.003991397758121159,0.01038304350758596,-0.00398132909213135,0.010431022955750201,-0.00400087017484769
11.405105642256903,0.010346919852725303,-0.003966995304204859,0.010320457917412372,-0.003956885435632533,0.01036693988014788,-0.003975928668930883
11.41510924369748,0.010284808120000783,-0.003942742749689885,0.01025879639281554,-0.003932811072411559,0.010302856804545558,-0.003950987163014076
11.425112845138056,0.010223069220320635,-0.003918639167929912,0.010197134868218709,-0.003908736709190585,0.010238773728943237,-0.0039260456570972685
11.43511644657863,0.010161700916150472,-0.003894683638050358,0.010135817379746764,-0.003884799777616882,0.010174690653340928,-0.0039011041511804656
11.445120048019207,0.0101007009833674,-0.0038708752449126316,0.010075175909464728,-0.00386113289411867,0.010110607577738608,-0.0038761626452636583
11.455123649459784,0.010040067211181088,-0.0038472130790785917,0.010014534439182694,-0.0038374660106204584,0.010046524502136287,-0.003851221139346851
11.46512725090036,0.009979797402055063,-0.003823696236775165,0.009954459557148429,-0.0038140253310465187,0.009982441426533966,-0.003826279633430044
11.475130852340936,0.009919889371628476,-0.0038003238198591445,0.009894823430847952,-0.0037907598197171907,0.009918358350931656,-0.003801338127513241
11.485134453781512,0.009860340948638137,-0.003777094935782169,0.009835187304547464,-0.0037674943083878592,0.009854275275329335,-0.0037763966215964336
11.495138055222089,0.009801149974841055,-0.0037540086975559133,0.009776330381266752,-0.0037445397542950395,0.009790192199727014,-0.0037514551156796264
11.505141656662666,0.009742314304937227,-0.0037310642237174184,0.009717680736934103,-0.0037216679191948844,0.009726109124124693,-0.003726513609762819
11.51514525810324,0.00968383180649287,-0.003708260638294635,0.009659046830726513,-0.0036988023611226268,0.009662026048522385,-0.0037015721038460166
11.525148859543817,0.009625700359863959,-0.003685597070772128,0.00960136958807106,-0.003676318360814303,0.0096046523970012,-0.0036791873147900287
11.535152460984394,0.00956791785812027,-0.0036630726560569946,0.009543692345415607,-0.0036538343605059796,0.009551969366304787,-0.0036585899502887243
11.54515606242497,0.00951048220696967,-0.0036406865344449425,0.009486246439382246,-0.0036314425889506464,0.009499286335608375,-0.00363799258578742
11.555159663865545,0.009453391324682857,-0.0036184378515865625,0.009429523205670358,-0.003609338930736071,0.009446603304911972,-0.0036173952212861194
11.565163265306122,0.009396643142018435,-0.003596325758453772,0.00937279997195846,-0.0035872352725214913,0.00939392027421556,-0.003596797856784815
11.575166866746699,0.009340235602148462,-0.0035743494113064794,0.009316517658385218,-0.0035653072990185497,0.009341237243519148,-0.0035762004922835107
11.585170468187275,0.009284166660584276,-0.003552507971659402,0.00926073496784001,-0.0035435784004044877,0.009288554212822736,-0.0035556031277822063
11.59517406962785,0.009228434285102782,-0.0035308006062490845,0.009204952277294811,-0.003521849501790429,0.009235871182126333,-0.0035350057632809054
11.605177671068427,0.00917303645567307,-0.0035092264870010916,0.009149810882874337,-0.003500376024401699,0.00918318815142992,-0.003514408398779601
11.615181272509004,0.009117971164383497,-0.0034877847909974206,0.009094950791484776,-0.0034790145869303705,0.009130505120733509,-0.0034938110342782967
11.62518487394958,0.009063236415369103,-0.003466474700444067,0.009040090700095217,-0.003457653149459042,0.009077822090037097,-0.0034732136697769923
11.635188475390155,0.009008830224739434,-0.0034452954026388044,0.008986068837990994,-0.0034366253797499724,0.009025139059340694,-0.0034526163052756914
11.645192076830732,0.008954750620506734,-0.0034242460899391244,0.008932118479644554,-0.0034156260730154975,0.008972456028644282,-0.003432018940774387
11.655195678271308,0.008900995642514627,-0.003403325959730411,0.00887829990678521,-0.0033946792043678905,0.00891977299794787,-0.0034114215762730826
11.665199279711885,0.008847563342367082,-0.003382534214394265,0.008825241766125713,-0.00337403491539451,0.008867089967251456,-0.0033908242117717782
11.675202881152462,0.008794451783357842,-0.0033618700612770354,0.008772183625466213,-0.0033533906264211293,0.008814406936555044,-0.003370226847270474
11.685206482593037,0.008741659040400262,-0.003341332712658551,0.008719454589780093,-0.0033328772157361314,0.008761723905858642,-0.003349629482769173
11.695210084033613,0.008689183199957469,-0.0033209213857210143,0.008667276386173787,-0.0033125828596556645,0.008709040875162229,-0.0033290321182678686
11.70521368547419,0.008637022359973066,-0.003300635302518134,0.00861509818256748,-0.0032922885035751976,0.008656357844465817,-0.003308434753766564
11.715217286914767,0.008585174629802118,-0.0032804736899444066,0.008563437948189513,-0.0032722000532593248,0.008603674813769405,-0.00328783738926526
11.725220888355341,0.0085336381301426,-0.00326043577970462,0.008512122575335634,-0.0032522486940521726,0.008550991783073001,-0.0032672400247639594
11.735224489795918,0.008482410992967227,-0.0032405208082835245,0.008460807202481744,-0.003232297334845017,0.00849830875237659,-0.0032466426602626546
11.745228091236495,0.008431491361455759,-0.0032207280169157353,0.008410195382418433,-0.0032126254975726703,0.008445625721680177,-0.00322604529576135
11.755231692677071,0.008380877389927637,-0.003201056651555796,0.008359731131625506,-0.0031930122896576775,0.008392942690983765,-0.003205447931260046
11.765235294117646,0.008330567243775096,-0.0031815059628484584,0.00830931103934663,-0.003173416619281494,0.008340259660287362,-0.0031848505667587453
11.775238895558223,0.008280559099396626,-0.003162075206099133,0.008259681194216991,-0.003154134795291376,0.00828757662959095,-0.003164253202257441
11.7852424969988,0.00823085114413095,-0.003142763641244576,0.008210051349087352,-0.0031348529713012578,0.008234893598894538,-0.0031436558377561366
11.795246098439376,0.008181441576191327,-0.0031235705328237374,0.008160651378657896,-0.003115662390543879,0.008182210568198126,-0.0031230584732548318
11.805249699879951,0.008132328604600341,-0.003104495149948827,0.008111844789540768,-0.003096707338224993,0.008129527537501723,-0.0031024611087535313
11.815253301320528,0.008083510449125036,-0.0030855367662765533,0.00806303820042363,-0.003077752285906104,0.008076844506805311,-0.003081863744252227
11.825256902761105,0.008034985340212589,-0.0030666946599796035,0.008014639529249998,-0.0030589590866623153,0.008024161476108899,-0.0030612663797509225
11.835260504201681,0.007986751518926302,-0.003047968113718282,0.007966639850925016,-0.003040324199207759,0.007971478445412487,-0.003040669015249618
11.845264105642256,0.007938807236882083,-0.003029356414612368,0.00791864017260004,-0.003021689311753206,0.007918795414716084,-0.0030200716507483173
11.855267707082833,0.007891150756185305,-0.0030108588542131576,0.007871223259915017,-0.0030032855232068256,0.007875036375011643,-0.003003205999017157
11.86527130852341,0.007843780349368178,-0.0029924747284757365,0.007824019889491683,-0.002984966416014563,0.007831782998827771,-0.002986551798756397
11.875274909963986,0.00779669429932747,-0.0029742033377314217,0.007776816519068348,-0.0029666473088223004,0.007788529622643898,-0.0029698975984956376
11.885278511404561,0.007749890899262699,-0.002956043986660422,0.0077303607991634484,-0.00294862457896307,0.0077452762464600335,-0.0029532433982348808
11.895282112845138,0.007703368452614745,-0.002937995984264683,0.007683937744279146,-0.0029306147978966916,0.00770202287027616,-0.002936589197974121
11.905285714285714,0.007657125273004941,-0.002920058643840966,0.007637656756082157,-0.0029126613021067,0.007658769494092287,-0.0029199349977133615
11.915289315726291,0.007611159684174547,-0.0029022312829540984,0.007592003948934571,-0.002894956684816345,0.007615516117908414,-0.0029032807974526016
11.925292917166866,0.0075654700199247055,-0.002884513223410445,0.0075463511417869925,-0.002877252067525993,0.00757226274172455,-0.002886626597191845
11.935296518607442,0.007520054624056791,-0.0028669037912315664,0.00750100828033767,-0.0028596702038699707,0.007529009365540676,-0.002869972396931085
11.945300120048019,0.0074749118503132745,-0.0028494023166281096,0.007456110063488599,-0.002842264441192194,0.007485755989356803,-0.0028533181966703255
11.955303721488596,0.007430040062318974,-0.002832008133973874,0.007411211846639528,-0.0028248586785144174,0.007442502613172931,-0.0028366639964095657
11.965307322929172,0.007385437633522775,-0.0028147205817801017,0.007366788262519621,-0.0028076407881972953,0.007399249236989058,-0.002820009796148806
11.975310924369747,0.007341102947115437,-0.002797539002659643,0.00732263509217869,-0.002790529934904567,0.0073559958608051925,-0.0028033555958880494
11.985314525810324,0.007297034395800619,-0.002780462743229011,0.007278481921837752,-0.002773419081611836,0.007312742484621319,-0.0027867013956272895
11.9953181272509,0.007253230382142298,-0.002763491154254707,0.007234958747400593,-0.002756557511522261,0.007269489108437447,-0.0027700471953665297
12.005321728691477,0.007209689318341969,-0.002746623590557709,0.007191535283487425,-0.0027397353959095474,0.007226235732253574,-0.0027533929951057703
12.015325330132052,0.007166409626116095,-0.002729859410960585,0.007148176434991647,-0.002722938833658053,0.0071829823560697085,-0.0027367387948450134
12.025328931572629,0.007123389736640479,-0.0027131979782629915,0.007105473647235646,-0.002706401722753348,0.007139728979885835,-0.0027200845945842536
12.035332533013205,0.007080628090494925,-0.0026966386592173217,0.007062770859479645,-0.0026898646118486426,0.007096475603701963,-0.002703430394323494
12.045336134453782,0.007038123137608097,-0.0026801808245044334,0.007020291027069848,-0.002673415643130753,0.00705322222751809,-0.0026867761940627343
12.055339735894357,0.006995873337202641,-0.00266382384870952,0.006978293875529378,-0.0026571574953466555,0.007009968851334225,-0.0026701219938019775
12.065343337334934,0.006953877157740516,-0.002647567110298077,0.006936296723988902,-0.002640899347562555,0.006966715475150352,-0.002653467793541218
12.07534693877551,0.006912133076868649,-0.0026314099915920163,0.006894677592458125,-0.002624790560805406,0.006923462098966479,-0.002636813593280458
12.085350540216087,0.006870639581364759,-0.0026153518787458713,0.006853377550463121,-0.002608807850815437,0.006880208722782606,-0.0026201593930196983
12.095354141656662,0.006829395167083473,-0.002599392161723135,0.006812077508468124,-0.0025928251408254706,0.0068369553465987415,-0.0026035051927589415
12.105357743097239,0.006788398338902652,-0.0025835302342727064,0.006771301903683982,-0.0025770495756726707,0.006793701970414868,-0.002586850992498182
12.115361344537815,0.006747647610670035,-0.0025677654939054756,0.006730684214541008,-0.0025613363848310347,0.006750448594230995,-0.0025701967922374222
12.125364945978392,0.006707141505150065,-0.0025520973418710112,0.006690066525398035,-0.0025456231939893987,0.006707195218047123,-0.002553542591976663
12.135368547418967,0.006666878553971008,-0.002536525183134374,0.006650119701477252,-0.00253017483626777,0.0066639418418632575,-0.002536888391715906
12.145372148859543,0.00662685729757229,-0.0025210484263530437,0.006610176332759854,-0.00251472784253441,0.006620688465679384,-0.002520234191455146
12.15537575030012,0.006587076285152158,-0.002505666483853989,0.006570378905441125,-0.002499338442874654,0.006577435089495511,-0.0025035799911943867
12.165379351740697,0.0065475340746155184,-0.0024903787716108326,0.006531095367123595,-0.002484151843525359,0.006534181713311639,-0.002486925790933627
12.175382953181272,0.006508229232522088,-0.002475184709221155,0.0064918118288060725,-0.0024689652441760666,0.006492926849719359,-0.0024710076976490504
12.185386554621848,0.00646916033403475,-0.002460083719883905,0.006452820177084155,-0.0024538937697949873,0.00645737821736093,-0.002457191365762737
12.195390156062425,0.006430325962868252,-0.002445075230376957,0.006414188922178974,-0.0024389644419622438,0.006421829585002502,-0.0024433750338764236
12.205393757503002,0.006391724711238083,-0.002430158671034767,0.006375557667273792,-0.0024240351141295,0.006386280952644072,-0.00242955870199011
12.215397358943576,0.006353355179809663,-0.0024153334757261624,0.006337356318895491,-0.002409275296543261,0.00635073232028565,-0.0024157423701037994
12.225400960384153,0.006315215977647751,-0.0024005990818322513,0.006299363107755936,-0.002394597546551814,0.0063151836879272215,-0.002401926038217486
12.23540456182473,0.0062773057221661875,-0.002385954930224468,0.00626136989661638,-0.0023799197965603666,0.006279635055568793,-0.0023881097063311726
12.245408163265306,0.0062396230390778335,-0.002371400465242723,0.006223944620469461,-0.0023654658548409257,0.006244086423210365,-0.002374293374444859
12.255411764705883,0.006202166562344811,-0.0023569351346736946,0.006186582383285161,-0.0023510367551218465,0.006208537790851936,-0.002360477042558546
12.265415366146458,0.00616493493412901,-0.0023425583897292383,0.006149298128938386,-0.0023366383772603287,0.006172989158493514,-0.002346660710672235
12.275418967587035,0.006127926804742838,-0.0023282696850249122,0.006112552860426625,-0.0023224523364536874,0.006137440526135085,-0.0023328443787859216
12.285422569027611,0.0060911408326002935,-0.0023140684785586544,0.006075807591914864,-0.0023082662956470466,0.006101891893776656,-0.0023190280468996082
12.295426170468188,0.006054575684168256,-0.0022999542316895594,0.006039277600856201,-0.0022941650169799673,0.006066343261418227,-0.002305211715013295
12.305429771908763,0.006018230033918089,-0.002285926409116795,0.006003142700655949,-0.0022802192991763165,0.006030794629059805,-0.002291395383126984
12.31543337334934,0.005982102564277468,-0.0022719844788586362,0.005967007800455691,-0.0022662735813726636,0.0059952459967013766,-0.0022775790512406706
12.325436974789916,0.005946191965582552,-0.002258127912231646,0.005931218324032388,-0.0022524638297930326,0.005959697364342948,-0.0022637627193543572
12.335440576230493,0.005910496936030381,-0.0022443561838299594,0.0058956800054659995,-0.0022387529393449058,0.00592414873198452,-0.002249946387468044
12.345444177671068,0.005875016181631562,-0.0022306687715047133,0.005860141686899618,-0.0022250420488967816,0.005888600099626097,-0.002236130055581733
12.355447779111644,0.005839748416163218,-0.0022170651563435877,0.005825078857928168,-0.002211518215423748,0.005853051467267669,-0.0022223137236954196
12.365451380552221,0.005804692361122275,-0.002203544822650499,0.00579013098288183,-0.0021980396046721684,0.005817502834909239,-0.0022084973918091062
12.375454981992798,0.005769846745678957,-0.0021901072579254013,0.005755201344304504,-0.0021845681661427723,0.005781954202550811,-0.002194681059922793
12.385458583433373,0.005735210306630619,-0.002176751952844229,0.005720830329185312,-0.002171316428672594,0.0057464055701923885,-0.002180864728036482
12.39546218487395,0.005700781788355803,-0.002163478401238955,0.005686459314066115,-0.002158064691202414,0.00571085693783396,-0.0021670483961501686
12.405465786314526,0.00566655994276866,-0.0021502861000778023,0.005652235615580191,-0.002144870858964965,0.005675308305475532,-0.0021532320642638552
12.415469387755103,0.0056325435292735905,-0.0021371745494455662,0.005618435777837395,-0.0021318436321842893,0.005639759673117103,-0.002139415732377542
12.425472989195677,0.005598731314720194,-0.0021241432525240756,0.005584635940094606,-0.0021188164054036156,0.005604211040758681,-0.002125599400491231
12.435476590636254,0.005565122073358502,-0.002111191715572776,0.005551106192254121,-0.0021058953137784503,0.005568662408400252,-0.0021117830686049176
12.44548019207683,0.005531714586794519,-0.002098319447909465,0.005517864136080538,-0.0020930872741391038,0.005533113776041824,-0.0020979667367186042
12.455483793517407,0.005498507643946035,-0.0020855259618911405,0.005484622079906955,-0.0020802792344997577,0.0054975651436833944,-0.002084150404832291
12.465487394957982,0.0054655000409987295,-0.0020728107728949854,0.005451772623621825,-0.002067625383682785,0.005462016511324972,-0.00207033407294598
12.475490996398559,0.005432690581362562,-0.0020601733992994843,0.005419083115856424,-0.002055034350697969,0.005426467878966544,-0.0020565177410596666
12.485494597839136,0.005400078075628495,-0.002047613362465686,0.0053863936080910235,-0.0020424433177131532,0.005390919246608115,-0.0020427014091733533
12.495498199279712,0.0053676613415254565,-0.002035130186718582,0.005354209356399106,-0.0020300506675665327,0.005355370614249687,-0.00202888507728704
12.505501800720287,0.005335439203877649,-0.0020227233993286276,0.00532205917392579,-0.002017671394296779,0.005323331249716291,-0.002016557404466404
12.515505402160864,0.0053034104945620985,-0.0020103925304933903,0.005289996192462848,-0.0020053263397998688,0.005294163313143578,-0.0020054478140145793
12.52550900360144,0.005271574052466572,-0.001998137113319348,0.005258380545841079,-0.0019931568251189513,0.005264995376570865,-0.0019943382235627547
12.535512605042017,0.005239928723447742,-0.0019859566838038053,0.005226764899219311,-0.0019809873104380334,0.005235827439998152,-0.00198322863311093
12.545516206482594,0.005208473360289668,-0.001973850780816953,0.005195352333147911,-0.0019688974678454974,0.005206659503425439,-0.0019721190426591055
12.555519807923169,0.005177206822662582,-0.0019618189460840632,0.005164258157045578,-0.001956932535263839,0.005177491566852732,-0.0019610094522072826
12.565523409363745,0.005146127977081964,-0.0019498607241678128,0.005133163980943239,-0.0019449676026821788,0.005148323630280018,-0.0019498998617554582
12.575527010804322,0.005115235696867956,-0.0019379756624507594,0.005102388217304093,-0.0019331275166697018,0.005119155693707305,-0.0019387902713036336
12.585530612244899,0.005084528862105039,-0.001926163311117938,0.005071811160830045,-0.0019213653418909307,0.005089987757134593,-0.001927680680851809
12.595534213685474,0.005054006359602049,-0.0019144232231396037,0.0050412341043560025,-0.0019096031671121617,0.005060819820561885,-0.0019165710903999863
12.60553781512605,0.005023667082852463,-0.0019027549542541,0.005011081605496855,-0.0018980074192026495,0.005031651883989172,-0.0019054614999481619
12.615541416566627,0.00499350993199505,-0.0018911580629508871,0.004981008746366807,-0.0018864428901202593,0.005002483947416459,-0.0018943519094963372
12.625545018007204,0.004963533813773991,-0.0018796321104533591,0.004950970081726343,-0.0018748917574873591,0.004973316010843746,-0.0018832423190445126
12.635548619447778,0.004933737641341858,-0.0018681766606363744,0.00492139750291997,-0.0018635232243144945,0.004944148074271039,-0.00187213272859269
12.645552220888355,0.004904120334454257,-0.001856791280106687,0.00489182492411359,-0.0018521546911416278,0.004914980137698325,-0.0018610231381408653
12.655555822328932,0.004874680819477637,-0.0018454755382055067,0.004862395985548474,-0.0018408424200066322,0.0048858122011256125,-0.0018499135476890407
12.665559423769508,0.004845418029211548,-0.001834229006934012,0.00483331089324765,-0.0018296648290376755,0.0048566442645529,-0.001838803957237216
12.675563025210083,0.0048163309028511885,-0.0018230512609372215,0.00480422580094683,-0.0018184872380687207,0.004827476327980192,-0.0018276943667853937
12.68556662665066,0.004787418385950071,-0.0018119418774879268,0.00477539285234357,-0.0018074083504903418,0.004798308391407479,-0.001816584776333569
12.695570228091237,0.004758679430382902,-0.001800900436470718,0.004746791759207759,-0.0017964202243348436,0.004769140454834766,-0.0018054751858817444
12.705573829531813,0.00473011299430857,-0.0017899265203660652,0.004718190666071949,-0.0017854320981793455,0.004739972518262053,-0.0017943655954299198
12.715577430972388,0.004701718042133318,-0.0017790197142344877,0.004689941772508481,-0.001774581814868038,0.004710804581689345,-0.0017832560049780971
12.725581032412965,0.004673493544474056,-0.0017681796057007813,0.00466181199874231,-0.0017637781523165159,0.004681636645116632,-0.0017721464145262725
12.735584633853541,0.004645438478121872,-0.001757405784938348,0.004633682224976139,-0.0017529744897649938,0.00465246870854392,-0.001761036824074448
12.745588235294118,0.004617551826005674,-0.0017466978446535747,0.0046060083318616996,-0.0017423491425783315,0.004623300771971207,-0.0017499272336226235
12.755591836734693,0.004589832577156002,-0.0017360553800703032,0.004578346816096478,-0.0017317286367279567,0.0045941328353984985,-0.0017388176431708006
12.76559543817527,0.004562279726668996,-0.0017254779889143634,0.004550776377308404,-0.0017211437483898608,0.004564964898825786,-0.0017277080527189762
12.775599039615846,0.004534892275670565,-0.0017149652713982018,0.004523570539450147,-0.0017107014446928195,0.004535796962253073,-0.0017165984622671516
12.785602641056423,0.004507669231280674,-0.0017045168302055687,0.00449636470159189,-0.0017002591409957782,0.0045066290256803605,-0.001705488871815327
12.795606242496998,0.004480609606577833,-0.001694132270476292,0.004469351937992903,-0.0016898922976573444,0.004477461089107652,-0.0016943792813635043
12.805609843937575,0.004453712420563717,-0.001683811199791118,0.004442599139415966,-0.0016796270579913198,0.004448293152534939,-0.0016832696909116797
12.815613445378151,0.004426976698128013,-0.0016735532281566482,0.004415846340839029,-0.001669361818325295,0.004419125215962227,-0.001672160100459855
12.825617046818728,0.004400401470013368,-0.001663357967990334,0.0043893809887114495,-0.0016592089032807106,0.004389957279389513,-0.0016610505100080305
12.835620648259304,0.004373985772780558,-0.0016532250341055607,0.004363068734807957,-0.001649115813988374,0.004365148359949274,-0.0016514748679457684
12.84562424969988,0.004347728648773802,-0.0016431540436968087,0.004336756480904469,-0.0016390227246960388,0.004341166169148806,-0.0016421901536378698
12.855627851140456,0.004321629146086249,-0.001633144616324882,0.00431082942083553,-0.0016290800652015653,0.0043171839783483325,-0.0016329054393299694
12.865631452581033,0.004295686318525653,-0.001623196373902239,0.004284955492969843,-0.0016191581554332768,0.004293201787547859,-0.0016236207250220692
12.87563505402161,0.004269899225580211,-0.0016133089406783771,0.004259126322366892,-0.0016092537219051198,0.004269219596747386,-0.0016143360107141688
12.885638655462184,0.004244266932384574,-0.0016034819432253157,0.004233678297292084,-0.001599498113179188,0.004245237405946918,-0.00160505129640627
12.895642256902761,0.004218788509686017,-0.0015937150104231395,0.00420823027221727,-0.0015897425044532545,0.004221255215146445,-0.0015957665820983697
12.905645858343338,0.004193463033810835,-0.0015840077734456466,0.004182922791160145,-0.0015800417398494644,0.004197273024345972,-0.0015864818677904695
12.915649459783914,0.004168289586630863,-0.0015743598657460547,0.004157898867950387,-0.0015704516272781956,0.004173290833545499,-0.0015771971534825691
12.925653061224489,0.004143267255530198,-0.0015647709230428009,0.0041328749447406355,-0.0015608615147069283,0.004149308642745031,-0.0015679124391746705
12.935656662665066,0.004118395133372082,-0.00155524058330541,0.004108080645122333,-0.0015513609944705696,0.004125326451944558,-0.00155862772486677
12.945660264105642,0.0040936723184660075,-0.0015457684867404618,0.0040834684578408215,-0.0015419315290825639,0.0041013442611440845,-0.0015493430105588699
12.955663865546219,0.004069097914534947,-0.0015363542757776238,0.004058856270559311,-0.001532502063694558,0.004077362070343611,-0.0015400582962509695
12.965667466986794,0.004044671030682803,-0.0015269975950557718,0.004034565798556381,-0.0015231980439725254,0.004053379879543143,-0.0015307735819430708
12.97567106842737,0.004020390781362012,-0.0015176980914091886,0.004010363962177442,-0.0015139285857264958,0.00402939768874267,-0.0015214888676351704
12.985674669867947,0.003996256286341364,-0.0015084554138538539,0.003986166227306078,-0.0015046607265637815,0.004005415497942197,-0.0015122041533272702
12.995678271308524,0.003972266670673976,-0.0014992692135738076,0.003962362419210745,-0.0014955464503759956,0.003981433307141725,-0.0015029194390193698
13.005681872749099,0.003948421064665468,-0.0014901391439075995,0.003938558611115417,-0.001486432174188211,0.003957451116341256,-0.0014936347247114711
13.015685474189675,0.003924718603842297,-0.0014810648603348154,0.003914848750357834,-0.0014773545027735725,0.003933468925540783,-0.0014843500104035707
13.025689075630252,0.0039011584289203264,-0.0014720460204627021,0.003891442000079589,-0.0014683949325271048,0.00390948673474031,-0.0014750652960956703
13.035692677070829,0.0038777396857735363,-0.0014630822840128598,0.0038680352498013434,-0.0014594353622806372,0.003885504543939837,-0.0014657805817877702
13.045696278511404,0.0038544615254029416,-0.0014541733128080284,0.003844806611987546,-0.0014505451822818347,0.0038615223531393685,-0.0014564958674798715
13.05569987995198,0.0038313231039056855,-0.001445318770758945,0.003821784626275854,-0.001441735511194018,0.0038375401623388953,-0.001447211153171971
13.065703481392557,0.00380832358244435,-0.0014365183238513079,0.0037987626405641623,-0.0014329258401062017,0.003813557971538422,-0.001437926438864071
13.075707082833134,0.003785462127216428,-0.001427771640132803,0.0037760054573908156,-0.0014242192663956568,0.0037895757807379494,-0.0014286417245561705
13.085710684273709,0.003762737909424005,-0.0014190783897002287,0.0037533676794646725,-0.0014155591815439277,0.003765593589937481,-0.0014193570102482718
13.095714285714285,0.0037401501052436027,-0.0014104382446866947,0.003730729901538525,-0.001406899096692197,0.003741611399137008,-0.0014100722959403714
13.105717887154862,0.003717697895796272,-0.0014018508792489233,0.0037084326333762176,-0.0013983715721592907,0.0037176292083365347,-0.001400787581632471
13.115721488595439,0.003695380467117824,-0.001393315969554618,0.0036861667854313235,-0.0013898562795048215,0.003693647017536062,-0.0013915028673245709
13.125725090036015,0.0036731970101292776,-0.0013848331937699305,0.003663953666213687,-0.0013813615007348212,0.0036696648267355893,-0.0013822181530166705
13.13572869147659,0.003651146720607514,-0.001376402232047009,0.0036420596047474687,-0.0013729908500102327,0.0036456826359351205,-0.0013729334387087718
13.145732292917167,0.0036292287991560933,-0.0013680227665116293,0.0036201655432812467,-0.0013646201992856429,0.0036217004451346473,-0.0013636487244008716
13.155735894357743,0.003607442451176315,-0.0013596944812509259,0.003598403828108075,-0.0013563010333411626,0.0035983802038193186,-0.0013546524267996122
13.16573949579832,0.003585786886838439,-0.0013514170623011947,0.0035768692768518343,-0.001348070237717017,0.0035787078937366368,-0.0013472455621321116
13.175743097238895,0.003564261321053123,-0.0013431901976357942,0.0035553347255955973,-0.001339839442092873,0.003559035583653959,-0.0013398386974646124
13.185746698679472,0.003542864973443035,-0.0013350135771531251,0.003534014039682667,-0.0013316917881940477,0.003539363273571277,-0.001332431832797112
13.195750300120048,0.0035215970683147198,-0.0013268868926647082,0.003512839268471479,-0.001323600859708815,0.003519690963488595,-0.0013250249681296114
13.205753901560625,0.0035004568346306054,-0.0013188098378833445,0.003491664497260291,-0.0013155099312235825,0.0035000186534059133,-0.0013176181034621108
13.2157575030012,0.003479443505981252,-0.001310782108411363,0.0034707749253514836,-0.0013075298696336175,0.003480346343323235,-0.0013102112387946116
13.225761104441776,0.0034585563205577776,-0.001302803401728955,0.0034499476455375545,-0.0012995740231490235,0.003460674033240553,-0.0013028043741271113
13.235764705882353,0.0034377945211245178,-0.0012948734171826114,0.003429136744535281,-0.0012916245393698655,0.003441001723157871,-0.0012953975094596108
13.24576830732293,0.0034171573549918594,-0.0012869918559736307,0.0034086576398170794,-0.001283803949069965,0.0034213294130751894,-0.0012879906447921103
13.255771908763505,0.003396644073989306,-0.00127915842114673,0.003388178535098881,-0.001275983358770066,0.003401657102992511,-0.001280583780124611
13.265775510204081,0.003376253934438714,-0.0012713728175787352,0.003367791236414445,-0.0012681984311690353,0.003381984792909829,-0.0012731769154571105
13.275779111644658,0.003355986197127786,-0.0012636347519673751,0.0033476479918306563,-0.0012605083080981887,0.0033623124828271473,-0.00126577005078961
13.285782713085235,0.0033358401272837296,-0.0012559439328201532,0.003327504747246867,-0.0012528181850273423,0.0033426401727444655,-0.0012583631861221095
13.29578631452581,0.0033158149945471476,-0.001248300070443317,0.0033075298641310714,-0.0012451934179915816,0.003322967862661787,-0.0012509563214546102
13.305789915966386,0.0032959100729461157,-0.0012407028769309122,0.0032877235782366203,-0.0012376340985077155,0.0033032955525791052,-0.0012435494567871097
13.315793517406963,0.003276124640858774,-0.0012331520661491462,0.003267917292342169,-0.0012300747790238494,0.0032836232424964234,-0.0012361425921196092
13.32579711884754,0.0032564579808342944,-0.0012256473536629386,0.003248346653721064,-0.0012226069336382956,0.0032639509324137415,-0.0012287357274521089
13.335800720288114,0.00323690937988148,-0.0012181884568535377,0.0032288649712713057,-0.0012151736194630873,0.003244278622331063,-0.0012213288627846096
13.345804321728691,0.003217478129350673,-0.0012107750948698536,0.003209383288821544,-0.0012077403052878778,0.0032246063122483813,-0.0012139219981171091
13.355807923169268,0.0031981635248371962,-0.0012034069885886647,0.003190212155301296,-0.0012004274556721135,0.0032049340021656995,-0.0012065151334496086
13.365811524609844,0.003178964866156719,-0.0011960838606042308,0.003171056591169248,-0.0011931206455538712,0.0031852616920830176,-0.001199108268782108
13.375815126050421,0.0031598814573207397,-0.001188805435217956,0.003151957043695058,-0.0011858355648893181,0.0031655893820003358,-0.0011917014041146075
13.385818727490996,0.0031409126065121717,-0.0011815714384280987,0.003133115188331831,-0.0011786504457184587,0.003145917071917658,-0.0011842945394471083
13.395822328931573,0.0031220576260610113,-0.0011743815979195188,0.0031142733329686005,-0.0011714653265475978,0.003126244761834976,-0.0011768876747796078
13.40582593037215,0.003103315832420137,-0.0011672356430534874,0.003095559270515721,-0.0011643297438333278,0.003106572451752294,-0.0011694808101121073
13.415829531812726,0.0030846865461411845,-0.001160133304857526,0.003077033057044472,-0.0011572669771532072,0.0030869001416696123,-0.0011620739454446067
13.4258331332533,0.003066169091850536,-0.0011530743160153025,0.003058506843573227,-0.001150204210473088,0.003067227831586934,-0.0011546670807771075
13.435836734693877,0.0030477627982253993,-0.001146058410856565,0.0030401719783679755,-0.0011432156183867456,0.003047555521504252,-0.001147260216109607
13.445840336134454,0.003029466997970019,-0.001139085325347135,0.0030219489288477435,-0.0011362703707382064,0.0030278832114215702,-0.0011398533514421065
13.45584393757503,0.0030112810277919625,-0.0011321547970789356,0.003003725879327511,-0.0011293251230896674,0.0030082109013388884,-0.0011324464867746061
13.465847539015606,0.002993204228378527,-0.0011252665652600742,0.0029857648036384723,-0.0011224813524371156,0.00298853859125621,-0.001125039622107107
13.475851140456182,0.002975235944373237,-0.0011184203707049658,0.002967847271847361,-0.0011156544487515244,0.002968866281173528,-0.0011176327574396064
13.485854741896759,0.002957375524352474,-0.001111615955824515,0.0029499542837783015,-0.001108837052716611,0.002950972713971056,-0.0011108120004817868
13.495858343337336,0.0029396223208021893,-0.0011048530646163353,0.002932329709212683,-0.001102123633650736,0.0029347784487061958,-0.001104551174910224
13.50586194477791,0.002921975690094732,-0.0010981314426550207,0.0029147051346470674,-0.0010954102145848625,0.002918584183441338,-0.0010982903493386622
13.515865546218487,0.0029044349924657793,-0.0010914508370824631,0.002897172262437027,-0.001088732291913416,0.002902389918176478,-0.0010920295237670994
13.525869147659064,0.0028869995919913933,-0.0010848109965982272,0.0028798434224103484,-0.0010821333465682443,0.002886195652911618,-0.0010857686981955365
13.53587274909964,0.0028696688565651675,-0.0010782116714499602,0.0028625145823836695,-0.0010755344012230725,0.002870001387646757,-0.0010795078726239737
13.545876350540215,0.002852442157875492,-0.0010716526134238631,0.002845337581428481,-0.001068994234794378,0.0028538071223819,-0.0010732470470524121
13.555879951980792,0.002835318871382917,-0.0010651335758351985,0.002828291818605134,-0.001062504872385455,0.0028376128571170394,-0.0010669862214808493
13.565883553421369,0.0028182983762976557,-0.0010586543135188632,0.002811246055781786,-0.0010560155099765323,0.0028214185918521793,-0.0010607253959092865
13.575887154861945,0.002801380055557169,-0.0010522145828199961,0.0027944186373976354,-0.0010496106058872593,0.002805224326587319,-0.0010544645703377236
13.58589075630252,0.002784563295803878,-0.0010458141415846452,0.0027776591559858332,-0.0010432319806560502,0.0027890300613224615,-0.0010482037447661619
13.595894357743097,0.0027678474873629733,-0.0010394527491504755,0.002760899674574028,-0.0010368533554248399,0.0027728357960576013,-0.001041942919194599
13.605897959183674,0.0027512320242203707,-0.0010331301663375398,0.0027444106962280558,-0.0010305793752105044,0.002756641530792741,-0.0010356820936230362
13.61590156062425,0.0027347163040007437,-0.0010268461554390875,0.002727924727676057,-0.0010243065593450466,0.0027404472655278805,-0.0010294212680514734
13.625905162064825,0.0027182997279456946,-0.0010206004802124325,0.0027114984290278767,-0.0010180568085417093,0.0027242530002630234,-0.0010231604424799116
13.635908763505402,0.0027019817008920224,-0.001014392905869863,0.0026952896082810453,-0.0010118911225848615,0.002708058734998163,-0.0010168996169083488
13.645912364945978,0.002685761631250132,-0.001008223199069615,0.002679080787534214,-0.0010057254366280135,0.0026918644697333026,-0.001010638791336786
13.655915966386555,0.002669638930982535,-0.001002091127906885,0.002662988662220709,-0.000999604864699798,0.0026756702044684424,-0.001004377965765223
13.665919567827132,0.0026536130155824784,-0.0009959964619048992,0.002647044094995998,-0.0009935413381901817,0.002659475939203582,-0.0009981171401936603
13.675923169267707,0.002637683304052697,-0.0009899389720060372,0.00263109952777129,-0.0009874778116805666,0.0026432816739387246,-0.0009918563146220985
13.685926770708283,0.00262184921888426,-0.0009839184305629979,0.002615334176042404,-0.0009814835122846177,0.0026270874086738645,-0.0009855954890505357
13.69593037214886,0.002606110186035576,-0.0009779346113300308,0.002599657932352144,-0.0009755236334184907,0.002610893143409004,-0.0009793346634789728
13.705933973589437,0.0025904656349114794,-0.0009719872894542087,0.0025839816886618835,-0.0009695637545523635,0.0025946988781441437,-0.0009730738379074101
13.715937575030011,0.0025749149983424605,-0.0009660762414667582,0.002568533727426512,-0.0009636920708408297,0.002578504612879286,-0.0009668130123358483
13.725941176470588,0.0025594577125639976,-0.0009602012452744378,0.002553112772593759,-0.000957830820843333,0.002562310347614426,-0.0009605521867642856
13.735944777911165,0.0025440932171960358,-0.0009543620801509777,0.0025377231278030346,-0.0009519816569970916,0.0025461160823495657,-0.0009542913611927228
13.745948379351741,0.002528820955222564,-0.000948558526728564,0.00252256197172938,-0.0009462206932622436,0.0025299218170847055,-0.0009480305356211599
13.755951980792316,0.0025136403729713263,-0.0009427903669893811,0.0025074008156557286,-0.0009404597295273967,0.002513727551819848,-0.0009417697100495982
13.765955582232893,0.002498550920093647,-0.0009370573842572015,0.0024923251886315562,-0.0009347317877886193,0.0024975332865549878,-0.0009355088844780353
13.77595918367347,0.0024835520495443985,-0.000931359363189041,0.002477410641419612,-0.0009290660375152993,0.0024813390212901276,-0.0009292480589064725
13.785962785114046,0.0024686432175620716,-0.000925696089766855,0.002462496094207668,-0.0009234002872419792,0.002465144756025267,-0.0009229872333349097
13.795966386554621,0.002453823883648987,-0.0009200673512892976,0.002447725724550359,-0.0009177901540271556,0.00244895049076041,-0.0009167264077633479
13.805969987995198,0.0024390935105516125,-0.0009144729363635277,0.0024330627413113363,-0.0009122214455453475,0.002432756225495549,-0.0009104655821917851
13.815973589435774,0.002424451564241038,-0.0009089126348970784,0.0024183997580723136,-0.0009066527370635393,0.002419287749401673,-0.0009054450636077125
13.825977190876351,0.0024098975138935465,-0.0009033862380897743,0.002403927201887245,-0.0009011575034545696,0.0024060042756333714,-0.0009005087260305771
13.835980792316926,0.0023954308318713314,-0.0008978935384257067,0.0023895024224960823,-0.0008956807041687909,0.0023927208018650723,-0.0008955723884534426
13.845984393757503,0.002381050993703324,-0.0008924343296652596,0.002375083911946403,-0.0008902063214890661,0.002379437328096771,-0.0008906360508763073
13.85598799519808,0.002366757478066176,-0.0008870084068372002,0.002360902742548475,-0.0008848234325990198,0.0023661538543284693,-0.0008856997132991719
13.865991596638656,0.0023525497667653467,-0.0008816155662308155,0.002346721573150548,-0.0008794405437089736,0.0023528703805601675,-0.0008807633757220365
13.87599519807923,0.002338427344716335,-0.0008762556053881101,0.0023325983885606064,-0.0008740800135918774,0.0023395869067918684,-0.000875827038144902
13.885998799519808,0.0023243896999260243,-0.0008709283230960553,0.002318647283598329,-0.0008687858368776452,0.002326303433023567,-0.0008708907005677667
13.896002400960384,0.002310436323474187,-0.0008656335193789021,0.002304696178636052,-0.000863491660163413,0.0023130199592552654,-0.0008659543629906313
13.90600600240096,0.0022965667094950954,-0.0008603709954905426,0.0022908579277794777,-0.0008582409591222364,0.002299736485486964,-0.0008610180254134959
13.916009603841536,0.0022827803551592743,-0.0008551405539069329,0.0022771427507678687,-0.0008530376707844973,0.0022864530117186646,-0.0008560816878363615
13.926013205282112,0.00226907676065538,-0.0008499419983185678,0.002263427573756257,-0.0008478343824467574,0.0022731695379503633,-0.0008511453502592261
13.936016806722689,0.0022554554291722316,-0.0008447751336230208,0.0022498689559774746,-0.0008426914248975309,0.0022598860641820616,-0.0008462090126820907
13.946020408163266,0.0022419158668809534,-0.000839639765917533,0.00223637596050677,-0.0008375737551931598,0.0022466025904137603,-0.0008412726751049553
13.956024009603842,0.002228457582917265,-0.0008345357024916639,0.002222882965036066,-0.0008324560854887888,0.0022333191166454586,-0.0008363363375278201
13.966027611044417,0.0022150800893639055,-0.0008294627518199986,0.0022096027002082076,-0.0008274203134451018,0.0022200356428771595,-0.0008313999999506855
13.976031212484994,0.0022017829012331825,-0.0008244207235549105,0.002196338214016728,-0.0008223906159066717,0.0022067521691088578,-0.0008264636623735502
13.98603481392557,0.002188565536449682,-0.0008194094285193895,0.0021831074660644996,-0.0008173739114548154,0.0021934686953405565,-0.0008215273247964149
13.996038415366147,0.0021754275158330887,-0.0008144286786999186,0.0021700575262384707,-0.0008124268388417608,0.0021801852215722548,-0.0008165909872192795
14.006042016806722,0.0021623683630811624,-0.0008094782872394177,0.0021570075864124445,-0.0008074797662287072,0.0021669017478039556,-0.000811654649642145
14.016045618247299,0.002149387604752836,-0.0008045580684302364,0.002144042545499447,-0.0008025653567702645,0.002153618274035654,-0.0008067183120650096
14.026049219687875,0.002136484770251477,-0.000799667837707218,0.0021312139513802236,-0.0007977034424800423,0.0021403348002673526,-0.0008017819744878743
14.036052821128452,0.0021236593918082633,-0.000794807411640812,0.0021183853572610003,-0.00079284152818982,0.002127051326499051,-0.0007968456369107389
14.046056422569027,0.0021109110044351827,-0.0007899766079179724,0.002105683096318266,-0.0007880282366998253,0.002113767852730752,-0.0007919092993336044
14.056060024009604,0.0020982391458033737,-0.00078517524529308,0.0020930616525863233,-0.0007832460499378562,0.00210048437896245,-0.0007869729617564691
14.06606362545018,0.0020856433565321904,-0.0007804031437040049,0.002080440208854381,-0.000778463863175887,0.002087200905194149,-0.0007820366241793337
14.076067226890757,0.0020731231800228066,-0.0007756601242049459,0.0020679980636266674,-0.0007737506129120242,0.002073917431425847,-0.0007771002866021983
14.086070828331332,0.00206067816241023,-0.0007709460089469413,0.002055591049140674,-0.0007690508696783538,0.002060633957657548,-0.0007721639490250638
14.096074429771908,0.0020483078525475287,-0.0007662606211713418,0.0020431965278242237,-0.0007643559318591729,0.0020473504838892462,-0.0007672276114479284
14.106078031212485,0.002036011801990144,-0.0007616037852033182,0.002030989498689318,-0.0007597331116593632,0.002034067010120945,-0.0007622912738707931
14.116081632653062,0.002023789564980233,-0.0007569753264453889,0.0020187824695544125,-0.0007551102914595537,0.0020207835363526432,-0.0007573549362936577
14.126085234093637,0.0020116406984311015,-0.0007523750713709784,0.0020066354339673487,-0.0007505105225690118,0.002007500062584344,-0.0007524185987165233
14.136088835534213,0.001999564761911668,-0.0007478028475179986,0.001994636157017375,-0.0007459675269509821,0.0019952652080353237,-0.0007477943880846144
14.14609243697479,0.0019875613176310258,-0.0007432584834824672,0.0019826368800674016,-0.0007414245313329525,0.001984306930991844,-0.0007435501573632614
14.156096038415367,0.0019756299304230364,-0.0007387418089121429,0.001970737035591501,-0.0007369197587511689,0.0019733486539483644,-0.0007393059266419082
14.166099639855942,0.0019637701677310045,-0.000734252654500197,0.001958930801900579,-0.0007324509712784822,0.0019623903769048867,-0.0007350616959205558
14.176103241296518,0.001951981599592401,-0.0007297908519789036,0.001947124568209655,-0.0007279821838057947,0.0019514320998614068,-0.0007308174651992028
14.186106842737095,0.0019402637986236742,-0.0007253562341133712,0.0019354675801374292,-0.000723570704040058,0.0019404738228179274,-0.0007265732344778497
14.196110444177672,0.0019286163400050983,-0.0007209486346952901,0.001923862653525714,-0.0007191792149644896,0.0019295155457744477,-0.0007223290037564965
14.206114045618246,0.0019170388014657066,-0.0007165678885367158,0.0019122577269140009,-0.000714787725888922,0.00191855726873097,-0.0007180847730351442
14.216117647058823,0.0019055307632682731,-0.0007122138314638748,0.001900833096225313,-0.0007104655035331435,0.0019075989916874903,-0.0007138405423137911
14.2261212484994,0.0018940918081943785,-0.0007078863003110081,0.0018894144859754817,-0.0007061455941306712,0.0018966407146440106,-0.000709596311592438
14.236124849939976,0.0018827215215295305,-0.0007035851329142355,0.0018780337208284363,-0.0007018402072938727,0.001885682437600531,-0.0007053520808710849
14.246128451380553,0.0018714194910483468,-0.0006993101681054516,0.0018668101973216874,-0.0006975951598901779,0.0018747241605570513,-0.0007011078501497317
14.256132052821128,0.0018601853069998204,-0.0006950612457062536,0.0018555866738149405,-0.0006933501124864839,0.0018637658835135736,-0.0006968636194283794
14.266135654261705,0.0018490185620926296,-0.0006908382065218918,0.0018444387182058191,-0.0006891340799718328,0.001852807606470094,-0.0006926193887070263
14.276139255702281,0.0018379188514805456,-0.0006866408923352589,0.0018333949918493124,-0.0006849580670990487,0.0018418493294266142,-0.0006883751579856732
14.286142857142858,0.0018268857727478788,-0.000682469145900902,0.0018223512654928055,-0.0006807820542262646,0.0018308910523831346,-0.0006841309272643201
14.296146458583433,0.0018159189258950153,-0.000678322810939067,0.0018114298009027816,-0.0006766529279077859,0.001819932775339657,-0.0006798866965429677
14.30615006002401,0.001805017913324002,-0.0006742017321297688,0.0018005751587879832,-0.0006725494275532008,0.0018089744982961774,-0.0006756424658216146
14.316153661464586,0.0017941823398242292,-0.0006701057551069023,0.0017897205166731846,-0.0006684459271986157,0.0017980162212526977,-0.0006713982351002615
14.326157262905163,0.001783411812558156,-0.0006660347264523707,0.0017790173044306048,-0.0006644005358026145,0.001787057944209218,-0.0006671540043789085
14.336160864345738,0.0017727059410471216,-0.0006619884936902539,0.001768336140662121,-0.000660363605180233,0.0017760996671657404,-0.0006629097736575561
14.346164465786314,0.0017620643371572171,-0.0006579669052809996,0.0017576731609666998,-0.0006563336436229763,0.0017651413901222607,-0.000658665542936203
14.356168067226891,0.0017514866150852438,-0.0006539698106156545,0.0017471752900815847,-0.0006523669601909086,0.001754183113078781,-0.0006544213122148499
14.366171668667468,0.0017409723913447267,-0.0006499970600101173,0.0017366774191964697,-0.0006484002767588408,0.0017432248360353014,-0.0006501770814934968
14.376175270108043,0.0017305212847520126,-0.0006460485046994289,0.0017262340236684662,-0.0006444544854565692,0.0017322665589918236,-0.0006459328507721445
14.38617887154862,0.0017201329164124241,-0.0006421239968320884,0.0017159035056790541,-0.0006405519844108902,0.001721308281948344,-0.0006416886200507913
14.396182472989196,0.0017098069097065134,-0.0006382233894644071,0.0017055729876896421,-0.0006366494833652112,0.0017103500049048645,-0.0006374443893294382
14.406186074429773,0.0016995428902763631,-0.0006343465365548887,0.0016953405308375263,-0.0006327845407675431,0.0016993917278613848,-0.0006332001586080851
14.416189675870347,0.0016893404860119764,-0.0006304932929586431,0.001685187719060138,-0.0006289501030720305,0.0016884334508179071,-0.0006289559278867328
14.426193277310924,0.00167919932703773,-0.00062666351442183,0.0016750349072827478,-0.0006251156653765171,0.0016774751737744275,-0.0006247116971653797
14.4361968787515,0.0016691190456989172,-0.0006228570575761389,0.0016650076949648663,-0.0006213293697395996,0.0016665168967309478,-0.0006204674664440265
14.446200480192077,0.001659099276548353,-0.000619073779933297,0.0016550162971470535,-0.0006175568017394701,0.0016555586196874681,-0.0006162232357226734
14.456204081632652,0.0016491396563330595,-0.0006153135398796112,0.0016450256617205807,-0.0006137845255610628,0.0016447525834767374,-0.0006120529384184734
14.466207683073229,0.0016392398239810223,-0.0006115761966705395,0.0016352065819028475,-0.0006100779159905853,0.0016357638116674719,-0.0006087651675997476
14.476211284513806,0.0016293994205880354,-0.0006078616104253018,0.0016253875020851142,-0.0006063713064201078,0.0016267750398582066,-0.0006054773967810217
14.486214885954382,0.001619618089404612,-0.0006041696421215157,0.0016156043362866143,-0.0006026784549463433,0.0016177862680489413,-0.0006021896259622958
14.496218487394957,0.0016098954758229748,-0.0006005001535898704,0.0016059409113759046,-0.000599031474326075,0.0016087974962396773,-0.0005989018551435705
14.506222088835534,0.0016002312273641222,-0.0005968530075088286,0.0015962774864651933,-0.0005953844937058062,0.001599808724430412,-0.0005956140843248446
14.51622569027611,0.0015906249936649833,-0.0005932280673993689,0.00158669044187053,-0.000591766731160157,0.0015908199526211467,-0.0005923263135061188
14.526229291716687,0.0015810764264656365,-0.000589625197619754,0.0015771941392013183,-0.0005881836804942982,0.0015818311808118812,-0.0005890385426873928
14.536232893157264,0.0015715851795966179,-0.0005860442633603362,0.0015676978365321067,-0.0005846006298284394,0.001572842409002616,-0.000585750771868667
14.546236494597839,0.0015621509089663037,-0.0005824851306383971,0.001558304081738473,-0.0005810568420038302,0.0015638536371933521,-0.0005824630010499416
14.556240096038415,0.001552773272548371,-0.000578947666293016,0.001548957848376905,-0.0005775312488656796,0.0015548648653840869,-0.0005791752302312157
14.566243697478992,0.0015434519303693483,-0.0005754317379799809,0.0015396116150153372,-0.0005740056557275292,0.0015458760935748213,-0.0005758874594124898
14.576247298919569,0.0015341865444962366,-0.000571937214166725,0.0015304128464032158,-0.0005705364380769518,0.001536887321765556,-0.000572599688593764
14.586250900360143,0.0015249767790242162,-0.000568463964127303,0.0015212287261867235,-0.0005670728204795999,0.0015278985499562923,-0.0005693119177750387
14.59625450180072,0.0015158223000644286,-0.0005650118579373963,0.0015120642705488908,-0.0005636167278338684,0.0015189097781470268,-0.0005660241469563127
14.606258103241297,0.0015067227757318562,-0.0005615807664693602,0.0015030248012568004,-0.0005602084631239001,0.0015099210063377615,-0.0005627363761375869
14.616261704681873,0.0014976778761332664,-0.0005581705613872996,0.00149398533196471,-0.0005568001984139319,0.001500932234528496,-0.0005594486053188609
14.626265306122448,0.0014886872733552497,-0.0005547811151421813,0.0014850028390854951,-0.000553413702306795,0.0014919434627192322,-0.0005561608345001356
14.636268907563025,0.0014797506414523324,-0.0005514123009669807,0.0014761206549213798,-0.0005500655304898219,0.001482954690909967,-0.0005528730636814097
14.646272509003602,0.001470867656435185,-0.0005480639928718663,0.0014672384707572646,-0.0005467173586728487,0.0014739659191007016,-0.0005495852928626839
14.656276110444178,0.0014620379962589042,-0.0005447360656394163,0.0014584383272266456,-0.0005434005641467429,0.0014649771472914361,-0.0005462975220439579
14.666279711884753,0.0014532613408113852,-0.0005414283948198719,0.0014496955367691768,-0.0005401057048980924,0.0014559883754821723,-0.0005430097512252326
14.67628331332533,0.0014445373719017707,-0.0005381408567264246,0.0014409527463117066,-0.0005368108456494414,0.001446999603672907,-0.0005397219804065068
14.686286914765907,0.0014358657732490001,-0.000534873328430543,0.0014323343298438315,-0.000533563476133093,0.0014380108318636415,-0.0005364342095877809
14.696290516206483,0.0014272462304704314,-0.0005316256877573315,0.001423744172195903,-0.0005303268966846585,0.0014290220600543762,-0.000533146438769055
14.706294117647058,0.0014186784310705552,-0.0005283978132809273,0.0014151595422188857,-0.0005270924302358497,0.0014200332882451125,-0.0005298586679503296
14.716297719087635,0.0014101620644297894,-0.0005251895843199302,0.0014067036763543098,-0.0005239071849736399,0.0014110445164358472,-0.0005265708971316038
14.726301320528211,0.001401696821793373,-0.0005220008809328754,0.001398247810489734,-0.0005207219397114302,0.0014020557446265817,-0.0005232831263128778
14.736304921968788,0.0013932823962603373,-0.0005188315839137355,0.0013898315699512626,-0.0005175518153962065,0.0013930669728173164,-0.000519995355494152
14.746308523409363,0.0013849184827725673,-0.0005156815747874633,0.0013815238550919596,-0.0005144231042680192,0.0013840782010080526,-0.0005167075846754267
14.75631212484994,0.0013766047781039491,-0.000512550735805569,0.0013732161402326552,-0.0005112943931398313,0.001375089429198787,-0.0005134198138567008
14.766315726290516,0.0013683409808496162,-0.0005094389499417375,0.001364972289309005,-0.0005081900818657895,0.0013661006573895218,-0.0005101320430379749
14.776319327731093,0.0013601267914152735,-0.0005063461008874794,0.0013567939139062946,-0.0005051107861681398,0.0013571118855802565,-0.000506844272219249
14.786322929171668,0.0013519619120066178,-0.0005032720730478213,0.0013486155385035857,-0.0005020314904704908,0.0013494206797006298,-0.0005038820841164278
14.796326530612244,0.001343846046618841,-0.0005002167515370306,0.0013405407347561698,-0.0004989916936056726,0.0013419810842229486,-0.0005009830296056221
14.806330132052821,0.0013357789010262366,-0.0004971800221743833,0.0013325061940745121,-0.0004959672517537597,0.0013345414887452674,-0.0004980839750948164
14.816333733493398,0.0013277601827717267,-0.0004941617714799002,0.0013244716533928542,-0.0004929428099018468,0.0013271018932675862,-0.0004951849205840106
14.826337334933974,0.0013197896010412925,-0.0004911618866244768,0.0013165549663235578,-0.0004899633721787628,0.001319662297789905,-0.0004922858660732049
14.83634093637455,0.0013118668668079694,-0.0004881802554868847,0.0013086449568370572,-0.00048698648438851846,0.0013122227023122251,-0.0004893868115623997
14.846344537815126,0.001303991692885402,-0.00048521676667485767,0.001300759067478058,-0.0004840187896838616,0.001304783106834544,-0.00048648775705159396
14.856348139255703,0.001296163793805236,-0.0004822713094763735,0.0012929887371391521,-0.0004810951388575828,0.001297343511356863,-0.00048358870254078826
14.86635174069628,0.0012883828858072936,-0.0004793437738556573,0.0012852184068002466,-0.00047817148803130395,0.0012899039158791818,-0.0004806896480299825
14.876355342136854,0.0012806486868297978,-0.00047643405044920495,0.0012774958996359896,-0.00047526609000400226,0.0012824643204015019,-0.0004777905935191773
14.88635894357743,0.0012729609164996195,-0.00047354203056181596,0.0012698454309254628,-0.0004723881870860113,0.0012750247249238207,-0.0004748915390083716
14.896362545018007,0.001265319296122575,-0.0004706676061626499,0.0012621949622149359,-0.0004695102841680203,0.0012675851294461395,-0.00047199248449756584
14.906366146458584,0.0012577235486737476,-0.0004678106698812911,0.0012546293327271047,-0.00046666469726754805,0.0012601455339684583,-0.00046909342998676014
14.916369747899159,0.0012501733987878498,-0.0004649711150038333,0.0012471145436716486,-0.00046383847594176034,0.0012527059384907784,-0.0004661943754759549
14.926373349339736,0.001242668572749616,-0.00046214883546897667,0.0012395997546161912,-0.00046101225461597214,0.0012452663430130974,-0.0004632953209651492
14.936376950780312,0.0012352087984842477,-0.00045934372586414594,0.0012321831761931742,-0.00045822349908902944,0.0012378267475354162,-0.00046039626645434347
14.946380552220889,0.0012277938055478767,-0.00045655568142161936,0.0012247837126778747,-0.00045544127262797174,0.001230387152057735,-0.00045749721194353777
14.956384153661464,0.0012204233251180794,-0.00045378459801467683,0.0012173945187224139,-0.00045266295559709174,0.001222947556580055,-0.00045459815743273255
14.96638775510204,0.001213097089984417,-0.0004510303721537614,0.0012101268869950613,-0.00044993091504256605,0.001215507961102374,-0.0004516991029219268
14.976391356542617,0.0012058148345390279,-0.00044829290098266205,0.0012028592552677088,-0.0004471988744880404,0.0012080683656246927,-0.0004488000484111211
14.986394957983194,0.0011985762947672467,-0.0004455720822747078,0.001195625365099439,-0.0004444796995617791,0.0012006287701470117,-0.00044590099390031534
14.996398559423769,0.0011913812082382663,-0.00044286781442898134,0.0011884686512352025,-0.00044178995189571286,0.0011931891746693318,-0.00044300193938951013
15.006402160864345,0.0011842293140958342,-0.0004401799964665467,0.001181311937370965,-0.00043910020422964615,0.0011857495791916506,-0.00044010288487870443
15.016405762304922,0.001177120353049,-0.00043750852802669835,0.0011742231980701589,-0.00043643631781278543,0.0011783099837139694,-0.00043720383036789873
15.026409363745499,0.0011700540673628874,-0.00043485330936322196,0.0011671946154659624,-0.00043379531830014124,0.0011708703882362882,-0.000434304775857093
15.036412965186074,0.001163030200849517,-0.0004322142413406756,0.001160166032861767,-0.0004311543187874975,0.0011634307927586083,-0.00043140572134628776
15.04641656662665,0.001156048498858658,-0.0004295912254306851,0.001153218151837365,-0.00042854407608853277,0.0011559911972809271,-0.00042850666683548206
15.056420168067227,0.0011491087082687351,-0.00042698416370826053,0.001146296202906117,-0.0004259437165735092,0.0011485516018032462,-0.0004256076123246763
15.066423769507804,0.001142210577477764,-0.00042439295884812655,0.0011393742539748692,-0.0004233433570584857,0.001141112006325565,-0.0004227085578138706
15.076427370948378,0.0011353538563943326,-0.00042181751412107184,0.0011325747756308483,-0.00042078956443131996,0.001133672410847885,-0.0004198095033030654
15.086430972388955,0.0011285382964286177,-0.000419257733390314,0.0011257774006493226,-0.0004182365715638977,0.0011262328153702039,-0.0004169104487922597
15.096434573829532,0.0011217636504834553,-0.0004167135211078859,0.0011190014845236743,-0.0004156917532412148,0.0011187932198925227,-0.00041401139428145394
15.106438175270108,0.001115029672945441,-0.00041418478231103605,0.0011123065777250817,-0.0004131777946424654,0.0011123626109064842,-0.0004116496092976135
15.116441776710685,0.0011083361196760767,-0.00041167142261864864,0.001105611670926489,-0.00041066383604371605,0.001106261313642141,-0.0004094631776553737
15.12644537815126,0.0011016827480029626,-0.00040917334822768094,0.0010989695546403417,-0.00040816993807053895,0.001100160016377799,-0.0004072767460131342
15.136448979591837,0.0010950693167110217,-0.00040669046590961755,0.0010923958037370833,-0.00040570201924180875,0.0010940587191134558,-0.00040509031437089443
15.146452581032413,0.0010884955860337839,-0.00040422268300694677,0.0010858220528338252,-0.0004032341004130785,0.0010879574218491128,-0.0004029038827286546
15.15645618247299,0.0010819613176446979,-0.00040176990742965015,0.0010793134565662387,-0.00040079099031142254,0.0010818561245847695,-0.00040071745108641473
15.166459783913565,0.001075466274648495,-0.00039933204765171424,0.001072838122401551,-0.00039836054531677253,0.0010757548273204276,-0.0003985310194441753
15.176463385354142,0.0010690102215725904,-0.000396909012707657,0.001066362788236862,-0.00039593010032212215,0.0010696535300560844,-0.00039634458780193546
15.186466986794718,0.0010625929243585396,-0.0003945007121890781,0.001059992164704471,-0.00039353942237361876,0.0010635522327917413,-0.00039415815615969566
15.196470588235295,0.0010562141503535263,-0.00039210705624122293,0.001053634703830559,-0.0003911537433448588,0.001057450935527398,-0.0003919717245174558
15.20647418967587,0.0010498736683019045,-0.0003897279555595678,0.0010472880731980316,-0.00038877218627920073,0.001051349638263056,-0.0003897852928752164
15.216477791116446,0.0010435712483367772,-0.00038736332138642225,0.0010410250871365138,-0.00038642246413052544,0.001045248340998713,-0.00038759886123297655
15.226481392557023,0.001037306661971633,-0.0003850130655075539,0.0010347621010749963,-0.0003840727419818501,0.0010391470437343697,-0.0003854124295907367
15.2364849939976,0.0010310796820920144,-0.0003826771002488282,0.0010285382285455788,-0.00038173786565557624,0.0010330457464700266,-0.0003832259979484969
15.246488595438175,0.001024890082947241,-0.0003803553384728703,0.001022389964965324,-0.0003794316872497142,0.0010269444492056845,-0.00038103956630625743
15.256492196878751,0.0010187376401421728,-0.00037804769357574345,0.0010162417013850685,-0.00037712550884385173,0.0010208431519413415,-0.00037885313466401763
15.266495798319328,0.0010126221306290288,-0.00037575407948365073,0.0010101448517181324,-0.00037483888996384725,0.0010147418546769982,-0.0003766667030217778
15.276499399759905,0.0010065433326992429,-0.0003734744106496525,0.0010040872261367977,-0.0003725671932025271,0.0010086405574126552,-0.00037448027137953793
15.28650300120048,0.001000501025975373,-0.000371208602050406,0.000998029600555464,-0.0003702954964412073,0.001002539260148313,-0.0003722938397372985
15.296506602641056,0.0009944949914030513,-0.0003689565691829217,0.000992060614334161,-0.00036805742366369075,0.00099643796288397,-0.00037010740809505867
15.306510204081633,0.0009885250112429925,-0.0003667182280613441,0.0009861146887120773,-0.0003658280985713377,0.0009903366656196268,-0.00036792097645281887
15.31651380552221,0.00098259086906304,-0.000364493495213748,0.0009801704883442592,-0.00036359942954514824,0.0009842353683552837,-0.000365734544810579
15.326517406962784,0.0009766923497302657,-0.00036228228767895754,0.0009743114647318914,-0.0003614031508676136,0.0009781340710909416,-0.0003635481131683396
15.336521008403361,0.0009708292394031134,-0.00036008452300338283,0.0009684524411195226,-0.0003592068721900785,0.0009720327738265985,-0.00036136168152609975
15.346524609843938,0.0009650013255236003,-0.00035790011923788045,0.000962620199971568,-0.0003570207470885621,0.0009659314765622553,-0.0003591752498838599
15.356528211284514,0.0009592083968095579,-0.00035572899493463124,0.0009568699787197387,-0.0003548657167824115,0.0009598301792979122,-0.0003569888182416201
15.366531812725091,0.0009534502432469275,-0.0003535710691440395,0.0009511197574679094,-0.00035271068647626093,0.000953728882033569,-0.00035480238659938026
15.376535414165666,0.0009477266560821052,-0.0003514262614116535,0.0009454088745932947,-0.00035057060934184193,0.000947627584769227,-0.00035261595495714084
15.386539015606242,0.000942037427814332,-0.0003492944917751043,0.0009397419160100778,-0.0003484472285614408,0.0009415262875048839,-0.000350429523314901
15.39654261704682,0.0009363823521881449,-0.0003471756807610692,0.0009340749574268609,-0.00034632384778103965,0.0009354249902405406,-0.00034824309167266114
15.406546218487396,0.0009307612241858665,-0.0003450697493822526,0.0009284820864560999,-0.0003442285381739797,0.0009293236929761976,-0.00034605666003042134
15.41654981992797,0.0009251738400201547,-0.0003429766191343897,0.0009229211543334004,-0.0003421453299278697,0.0009232223957118554,-0.0003438702283881819
15.426553421368547,0.0009196199971265959,-0.0003408962119932695,0.0009173602222106999,-0.0003400621216817594,0.0009179928627555819,-0.00034184125201954717
15.436557022809124,0.0009140994941563579,-0.00033882845041178193,0.000911873032838734,-0.00033800693319525313,0.0009129191873638137,-0.0003398404261443835
15.4465606242497,0.0009086121309688889,-0.00033677325731698354,0.0009063918166230797,-0.00033595401430680576,0.0009078455119720454,-0.00033783960026921984
15.456564225690276,0.0009031577086246709,-0.00033473055610718595,0.0009009262477711232,-0.00033390702061975323,0.0009027718365802779,-0.0003358387743940565
15.466567827130852,0.0008977360293780208,-0.0003327002706490646,0.0008955484007260396,-0.0003318932446288237,0.0008976981611885096,-0.00033383794851889285
15.476571428571429,0.0008923468966699553,-0.00033068232527479126,0.000890170553680956,-0.00032987946863789416,0.0008926244857967414,-0.0003318371226437292
15.486575030012006,0.0008869901151210966,-0.00032867664477918645,0.0008848215074947981,-0.0003278766318315904,0.0008875508104049731,-0.0003298362967685655
15.49657863145258,0.0008816654905246389,-0.00032668315441689456,0.0008795199182092228,-0.0003258918201751125,0.0008824771350132057,-0.0003278354708934022
15.506582232893157,0.0008763728298393627,-0.0003247017798995787,0.0008742183289236466,-0.0003239070085186342,0.0008774034596214374,-0.0003258346450182385
15.516585834333734,0.000871111941182711,-0.0003227324473931425,0.0008689776376435294,-0.00032194524375731324,0.0008723297842296692,-0.00032383381914307486
15.52658943577431,0.0008658826338239135,-0.0003207750835149688,0.0008637768758926038,-0.00031999859035581463,0.0008672561088379009,-0.00032183299326791115
15.536593037214885,0.0008606847181771658,-0.00031882961533118376,0.000858576114141679,-0.0003180519369543164,0.0008621824334461334,-0.00031983216739274787
15.546596638655462,0.0008555180057948632,-0.000316895970353941,0.0008534358672567784,-0.0003161282599934375,0.0008571087580543652,-0.0003178313415175842
15.556600240096039,0.0008503823093608951,-0.0003149740765387317,0.000848307989864966,-0.0003142092795136402,0.0008520350826625969,-0.00031583051564242054
15.566603841536615,0.0008452774426839876,-0.0003130638622817137,0.000843185680875569,-0.0003122924051765226,0.0008469614072708286,-0.00031382968976725683
15.57660744297719,0.0008402032206911052,-0.0003111652564170649,0.0008381562022097332,-0.0003104106421499464,0.0008418877318790612,-0.00031182886389209355
15.586611044417767,0.0008351594594209058,-0.0003092781882143587,0.0008331267235438964,-0.00030852887912336983,0.000836814056487293,-0.0003098280380169299
15.596614645858343,0.0008301459760172586,-0.0003074025873759643,0.0008281169320417218,-0.00030665458836162733,0.0008317403810955247,-0.00030782721214176617
15.60661824729892,0.00082516258872281,-0.00030553838403446737,0.0008231570453091675,-0.0003047992389599243,0.0008266667057037564,-0.0003058263862666025
15.616621848739495,0.0008202091168726133,-0.00030368550875011554,0.0008181971585766139,-0.00030294388955822164,0.000821593030311989,-0.0003038255603914392
15.626625450180072,0.000815285380887808,-0.0003018438925082853,0.0008132861956564769,-0.0003011070339347538,0.0008165193549202207,-0.00030182473451627556
15.636629051620648,0.000810391202269367,-0.00030001346671697547,0.0008084223889678129,-0.00029928800392307246,0.0008114456795284524,-0.00029982390864111185
15.646632653061225,0.0008055264035907513,-0.0002981941632038744,0.0008035585822791487,-0.0002974689739113911,0.0008063720041366841,-0.0002978230827659482
15.656636254501802,0.0008006908083764716,-0.00029638591416881625,0.0007987435959009505,-0.0002956684675242183,0.0008012983287449158,-0.0002958222568907845
15.666639855942377,0.0007958842412713118,-0.00029458865224992554,0.0007939461660118124,-0.0002938746225000711,0.0007962246533531485,-0.00029382143101562124
15.676643457382953,0.0007911065280559422,-0.0002928023105296396,0.0007891487361226734,-0.00029208077747592355,0.0007911509779613802,-0.0002918206051404575
15.68664705882353,0.0007863574955521261,-0.00029102682249757184,0.0007844415899878761,-0.0002903210410179769,0.0007860773025696119,-0.00028981977926529387
15.696650660264106,0.0007816369716168316,-0.00028926212204815287,0.0007797380290095906,-0.0002885626590068974,0.0007810036271778436,-0.0002878189533901302
15.706654261704681,0.0007769447851363665,-0.000287508143478282,0.0007750463632933434,-0.0002868087889471661,0.0007759299517860762,-0.00028581812751496687
15.716657863145258,0.0007722807660205288,-0.00028576482148498495,0.0007704060376763831,-0.00028507439252571605,0.0007708562763943079,-0.0002838173016398032
15.726661464585835,0.0007676447451967851,-0.00028403209116308325,0.0007657657120594228,-0.000283339996104266,0.0007657826010025396,-0.00028181647576463954
15.736665066026411,0.0007630365546044589,-0.00028230988800286895,0.0007611634143582216,-0.0002816199580537151,0.000760839604782431,-0.00027989436470984044
15.746668667466986,0.0007584560271889456,-0.00028059814788778943,0.0007566148516108386,-0.0002799202089509482,0.0007566820192948928,-0.0002784453471399594
15.756672268907563,0.0007539029968959408,-0.000278896807092139,0.0007520662888634548,-0.000278220459848181,0.0007525244338073539,-0.00027699632957007815
15.76667587034814,0.0007493772986657,-0.00027720580227876267,0.0007475562744135532,-0.0002765353281429055,0.000748366848319815,-0.00027554731200019685
15.776679471788716,0.0007448787684273063,-0.00027552507049676494,0.0007430678757702879,-0.0002748583930859477,0.000744209262832276,-0.00027409829443031554
15.786683073229291,0.0007404072430929685,-0.00027385454917922984,0.0007385794771270234,-0.00027318145802899017,0.0007400516773447378,-0.0002726492768604345
15.796686674669868,0.0007359625605523312,-0.00027219417614094733,0.0007341689021366654,-0.00027153389022425474,0.0007358940918571989,-0.00027120025929055325
15.806690276110444,0.000731544559666817,-0.00027054388957615215,0.0007297702630736855,-0.00026989082651791,0.00073173650636966,-0.00026975124172067195
15.816693877551021,0.0007271530802639798,-0.00026890362805626875,0.0007253769585728511,-0.0002682497851256615,0.0007275789208821211,-0.00026830222415079064
15.826697478991596,0.0007227879631318865,-0.0002672733305276664,0.0007210354791012406,-0.0002666283904231084,0.0007234213353945829,-0.0002668532065809096
15.836701080432173,0.0007184490500135129,-0.0002656529363094225,0.0007166939996296293,-0.000265006995720555,0.000719263749907044,-0.00026540418901102835
15.84670468187275,0.0007141361836011724,-0.0002640423850910977,0.0007123806019780368,-0.0002633961917567651,0.000715106164419505,-0.00026395517144114705
15.856708283313326,0.0007098492075309563,-0.0002624416169305171,0.0007081269793245424,-0.0002618079312530866,0.0007109485789319662,-0.00026250615387126574
15.8667118847539,0.0007055879663772033,-0.00026085057225156316,0.0007038733566710486,-0.0002602196707494084,0.000706790993444428,-0.0002610571363013847
15.876715486194477,0.0007013523056469854,-0.00025926919184197564,0.0006996493338162676,-0.00025864262875841893,0.000702633407956889,-0.0002596081187315034
15.886719087635054,0.000697142071774624,-0.00025769741685116446,0.0006954499296234967,-0.0002570749173975064,0.0006984758224693501,-0.00025815910116162215
15.89672268907563,0.0006929571121162222,-0.00025613518878802915,0.0006912505254307258,-0.0002555072060365939,0.0006943182369818112,-0.00025671008359174084
15.906726290516206,0.0006887972749442249,-0.0002545824495187892,0.0006871175743932601,-0.0002539645422772987,0.000690160651494273,-0.0002552610660218598
15.916729891956782,0.0006846624094419956,-0.00025303914126482345,0.0006830042226711381,-0.000252429265915042,0.0006860030660067341,-0.0002538120484519785
15.926733493397359,0.0006805523656984273,-0.0002515052066005207,0.0006788908709490162,-0.0002508939895527854,0.0006818454805191951,-0.00025236303088209725
15.936737094837936,0.0006764669947025664,-0.0002499805884511385,0.0006748287819046221,-0.00024937813804035434,0.0006776878950316562,-0.00025091401331221594
15.946740696278512,0.0006724061483382667,-0.00024846523009067304,0.0006707667676027527,-0.00024786231484993807,0.0006735303095441173,-0.00024946499574233464
15.956744297719087,0.0006683696793788658,-0.00024695907513973844,0.0006667237180211896,-0.00024635363574672283,0.0006693727240565791,-0.0002480159781724536
15.966747899159664,0.0006643574414818834,-0.00024546206756345543,0.0006627460482548703,-0.00024486958548557554,0.0006652151385690402,-0.00024656696060257235
15.97675150060024,0.0006603692891837498,-0.0002439741516693528,0.0006587683784885512,-0.0002433855352244283,0.0006610575530815012,-0.00024511794303269104
15.986755102040817,0.0006564050778945531,-0.00024249527210527583,0.0006548125955883496,-0.00024190977706676757,0.0006568999675939624,-0.00024366892546280974
15.996758703481392,0.0006524646638928155,-0.00024102537385730733,0.0006508834390668029,-0.000240444106634142,0.0006527423821064242,-0.0002422199078929287
16.00676230492197,0.0006485479043202881,-0.0002395644022476967,0.0006469542825452548,-0.00023897843620151592,0.0006485847966188845,-0.00024077089032304715
16.016765906362547,0.0006446546571767844,-0.00023811230293280348,0.0006430811727602534,-0.0002375338666519061,0.0006444272111313455,-0.00023932187275316587
16.026769507803124,0.0006407847813150218,-0.00023666902190104633,0.0006392347473570582,-0.00023609934343244056,0.0006402696256438067,-0.00023787285518328457
16.0367731092437,0.0006369381364355023,-0.0002352345054708661,0.0006353883219538631,-0.00023466482021297503,0.0006361120401562677,-0.0002364238376134033
16.046776710684277,0.000633114583081412,-0.00023380870028869865,0.0006315832370695484,-0.00023324595724759627,0.0006319544546687288,-0.000234974820043522
16.05678031212485,0.0006293139826335518,-0.0002323915533269584,0.0006277825544385877,-0.00023182876190536178,0.0006282428327529041,-0.00023355807313710784
16.066783913565427,0.0006255361973052846,-0.00023098301188203055,0.000623992434428056,-0.00023041554096894472,0.0006247623724951499,-0.00023215805347154237
16.076787515006004,0.0006217810901375244,-0.0002295830235722793,0.0006202729622274403,-0.0002290289027416776,0.0006212819122373958,-0.00023075803380597694
16.08679111644658,0.0006180485249937371,-0.00022819153633606162,0.0006165534900268245,-0.00022764226451441044,0.0006178014519796416,-0.0002293580141404115
16.096794717887157,0.0006143383665549768,-0.00022680849842975475,0.0006128493498529112,-0.00022626143371434296,0.0006143209917218874,-0.00022795799447484607
16.106798319327734,0.0006106504803149455,-0.00022543385842579413,0.0006091729005524868,-0.0002248910915949308,0.0006108405314641332,-0.0002265579748092806
16.11680192076831,0.0006069847325750814,-0.00022406756521072295,0.0006054964512520625,-0.00022352074947551862,0.000607360071206379,-0.00022515795514371518
16.126805522208887,0.0006033409904396746,-0.0002227095679832519,0.0006018664880713416,-0.0002221678886804084,0.0006038796109486249,-0.00022375793547814974
16.13680912364946,0.0005997191218110108,-0.00022135981625233197,0.0005982698195575172,-0.00022082754850162952,0.0006003991506908719,-0.0002223579158125848
16.146812725090037,0.0005961189953845371,-0.00022001825983523505,0.0005946731510436915,-0.00021948720832285016,0.0005969186904331178,-0.00022095789614701936
16.156816326530613,0.0005925404806440693,-0.0002186848488556515,0.0005911091252335892,-0.00021815923201407112,0.0005934382301753635,-0.0002195578764814539
16.16681992797119,0.000588983447857012,-0.00021735953374179417,0.0005875528073020922,-0.000216834175169619,0.0005899577699176094,-0.00021815785681588847
16.176823529411767,0.0005854477680696172,-0.00021604226522451623,0.0005839992568658069,-0.00021551015845774188,0.0005864773096598552,-0.00021675783715032303
16.186827130852343,0.0005819333131022666,-0.00021473299433544035,0.0005805213795383874,-0.00021421458264984602,0.0005829968494021011,-0.00021535781748475757
16.19683073229292,0.0005784399555447856,-0.00021343167240509987,0.000577043502210968,-0.00021291900684195018,0.0005795163891443468,-0.00021395779781919214
16.206834333733497,0.000574967568751784,-0.000212138251061091,0.0005735754926297801,-0.00021162716867136904,0.0005760359288865927,-0.0002125577781536267
16.21683793517407,0.0005715160268380285,-0.00021085268222623805,0.0005701353381274134,-0.00021034588125671175,0.0005725554686288397,-0.00021115775848806176
16.226841536614646,0.0005680852046738386,-0.00020957491811676788,0.0005666951836250455,-0.00020906459384205402,0.0005690750083710856,-0.00020975773882249632
16.236845138055223,0.0005646749778805229,-0.00020830491124050122,0.0005632926885482752,-0.00020779745219844253,0.0005655945481133314,-0.00020835771915693086
16.2468487394958,0.0005612852228258342,-0.00020704261439505108,0.0005599297224458024,-0.00020654515857259094,0.0005621140878555773,-0.00020695769949136543
16.256852340936376,0.0005579158166194606,-0.00020578798066603606,0.0005565667563433295,-0.00020529286494673938,0.0005586336275978231,-0.0002055576798258
16.266855942376953,0.0005545666371085442,-0.0002045409634253051,0.000553228884644607,-0.00020405007734279702,0.0005551531673400688,-0.00020415766016023453
16.27685954381753,0.0005512375628732332,-0.0002033015163291745,0.0005499010552262757,-0.00020281109385942138,0.0005516727070823147,-0.0002027576404946691
16.286863145258106,0.0005479284732222595,-0.00020206959331667748,0.0005465732258079444,-0.00020157211037604575,0.0005481922468245605,-0.00020135762082910366
16.296866746698683,0.0005446392481885535,-0.0002008451486078261,0.0005433168956710424,-0.00020035996835035454,0.0005447117865668064,-0.00019995760116353823
16.306870348139256,0.0005413697685248851,-0.00019962813670188598,0.0005400650890423792,-0.00019914952448935183,0.0005412313263090534,-0.00019855758149797328
16.316873949579833,0.0005381199156995335,-0.00019841851237566144,0.0005368187183723901,-0.00019794114021112877,0.0005377508660512993,-0.00019715756183240782
16.32687755102041,0.0005348895718919996,-0.00019721623068179797,0.0005335995010051817,-0.0001967430438100163,0.000534270405793545,-0.0001957575421668424
16.336881152460986,0.0005316786199887361,-0.00019602124694709239,0.0005303802836379735,-0.00019554494740890388,0.0005307899455357909,-0.00019435752250127693
16.346884753901563,0.0005284869435789187,-0.00019483351677081873,0.0005271905266334114,-0.00019435790437064481,0.0005273094852780367,-0.0001929575028357115
16.35688835534214,0.0005253144269502446,-0.00019365299602306594,0.0005240462517521773,-0.00019318792596999794,0.0005238290250202826,-0.00019155748317014606
16.366891956782716,0.0005221609550847662,-0.00019247964084308862,0.000520901976870943,-0.00019201794756935108,0.0005206135523354117,-0.00019034399416767
16.376895558223293,0.000519026413654754,-0.00019131340763767118,0.0005177763324320506,-0.0001908550299781625,0.0005177673337047664,-0.0001893904313301595
16.386899159663866,0.000515910689018596,-0.0001901542530795049,0.0005146621352525077,-0.00018969645081950303,0.0005149211150741221,-0.00018843686849264938
16.396902761104442,0.0005128136682167228,-0.0001890021341055763,0.0005115479380729637,-0.00018853787166084313,0.0005120748964434768,-0.00018748330565513887
16.40690636254502,0.0005097352389675765,-0.000187857007915573,0.0005084962783551212,-0.00018740274283461511,0.0005092286778128315,-0.0001865297428176284
16.416909963985596,0.0005066752896636026,-0.0001867188319702985,0.0005054560274725152,-0.00018627189209981704,0.0005063824591821862,-0.00018557617998011793
16.426913565426172,0.0005036337093672799,-0.00018558756399010245,0.0005024177642484573,-0.00018514179499800498,0.0005035362405515409,-0.00018462261714260745
16.43691716686675,0.0005006103878071836,-0.0001844631619533239,0.0004994051125550281,-0.00018402140866584306,0.0005006900219208956,-0.00018366905430509698
16.446920768307326,0.0004976052153740812,-0.0001833455840947482,0.0004963924608615988,-0.00018290102233368114,0.0004978438032902503,-0.00018271549146758648
16.456924369747902,0.0004946180831170631,-0.00018223478890407721,0.0004934015966200564,-0.00018178880122701039,0.000494997584659605,-0.000181761928630076
16.466927971188476,0.0004916488827397078,-0.0001811307351244137,0.0004904619780515304,-0.00018069578532514267,0.0004921513660289606,-0.00018080836579256585
16.476931572629052,0.0004886975065962767,-0.00018003338175075746,0.00048752235948300337,-0.00017960276942327458,0.0004893051473983153,-0.00017985480295505538
16.48693517406963,0.00048576384768795326,-0.00017894268802851916,0.0004845959357797356,-0.00017851475944520825,0.00048645892876767003,-0.0001789012401175449
16.496938775510205,0.00048284779965910673,-0.0001778586134520439,0.0004816814681559472,-0.00017743128541515397,0.0004836127101370247,-0.00017794767728003443
16.506942376950782,0.0004799492567935963,-0.00017678111776315105,0.0004787670005321588,-0.00017634781138509966,0.0004807664915063794,-0.00017699411444252396
16.51694597839136,0.00047706811401110826,-0.00017571016094968732,0.0004759067516145375,-0.00017528464523262172,0.00047792027287573406,-0.00017604055160501346
16.526949579831935,0.00047420426686353023,-0.000174645703244094,0.00047306448595596507,-0.00017422821479644928,0.00047507405424508875,-0.00017508698876750298
16.536953181272512,0.0004713576115313587,-0.00017358770512198847,0.0004702222202973927,-0.0001731717843602768,0.00047222783561444345,-0.0001741334259299925
16.54695678271309,0.0004685280447741543,-0.00017253612728299856,0.00046740216741505557,-0.00017212378804570456,0.00046938161698379814,-0.00017317986309248204
16.556960384153662,0.00046571546389846636,-0.0001714909306383587,0.0004645826319790575,-0.00017107598820388737,0.00046653539835315387,-0.0001722263002549719
16.56696398559424,0.00046291976696257494,-0.00017045207638994973,0.0004617776398254108,-0.00017003363253884784,0.0004636891797225085,-0.0001712727374174614
16.576967587034815,0.00046014085264165666,-0.00016941952597818023,0.00045902955629453936,-0.00016901258022164112,0.0004608429610918632,-0.00017031917457995094
16.586971188475392,0.00045737862021555603,-0.0001683932410772336,0.00045628147276366795,-0.0001679915279044344,0.0004579967424612179,-0.00016936561174244044
16.59697478991597,0.0004546329695654118,-0.00016737318359373612,0.0004535421298047773,-0.00016697379807575083,0.0004551505238305726,-0.00016841204890492996
16.606978391356545,0.0004519038011702942,-0.0001663593156654295,0.0004508143805810843,-0.00016596047528727234,0.0004523043051999273,-0.0001674584860674195
16.616981992797122,0.0004491910161038508,-0.0001653515996598469,0.00044808663135739127,-0.00016494715249879387,0.000449458086569282,-0.00016650492322990902
16.6269855942377,0.0004464945160309617,-0.00016434999817299345,0.000445405325664677,-0.00016395120572846155,0.0004466118679386366,-0.00016555136039239854
16.63698919567827,0.00044381420320440806,-0.00016335447402803142,0.00044274835856376204,-0.00016296436480783198,0.00044376564930799235,-0.0001645977975548884
16.64699279711885,0.00044114998046154306,-0.0001623649902739679,0.0004400913914628462,-0.00016197752388720206,0.00044091943067734704,-0.00016364423471737792
16.656996398559425,0.000438501751220986,-0.00016138151018435035,0.00043745027364841527,-0.00016099671686013904,0.00043807321204670174,-0.00016269067187986742
16.667,0.00043586941947931426,-0.00016040399725596288,0.00043481126705781353,-0.00016001671358533914,0.00043522699341605643,-0.00016173710904235694
16.67700360144058,0.000433252889807773,-0.0001594324152075292,0.0004321798942593912,-0.00015903956475483579,0.0004325756279364193,-0.00016076424454403767
16.687007202881155,0.00043065206734899347,-0.00015846672797841917,0.00042961107955507763,-0.00015808580778393978,0.00043017062582525925,-0.00015976697591291657
16.69701080432173,0.0004280668578137223,-0.0001575068997273601,0.000427042264850764,-0.00015713205081304378,0.0004277656237140992,-0.0001587697072817955
16.70701440576231,0.000425497167477562,-0.0001565528948311528,0.0004244786791521377,-0.00015618028876635345,0.0004253606216029391,-0.0001577724386506744
16.71701800720288,0.00042294290317772325,-0.0001556046778833924,0.0004219254706158134,-0.00015523248572324832,0.0004229556194917799,-0.00015677517001955367
16.727021608643458,0.0004204039723097843,-0.00015466221369319215,0.0004193722620794882,-0.00015428468268014286,0.00042055061738061983,-0.0001557779013884326
16.737025210084035,0.0004178802828244705,-0.00015372546728391543,0.0004168581697208853,-0.00015335149787190557,0.0004181456152694597,-0.0001547806327573115
16.74702881152461,0.000415371743224436,-0.00015279440389190924,0.000414374641737527,-0.00015242973537642839,0.00041574061315829963,-0.0001537833641261904
16.757032412965188,0.00041287826256106223,-0.00015186898896524386,0.0004118911137541687,-0.00015150797288095123,0.00041333561104713956,-0.00015278609549506934
16.767036014405765,0.00041039975043126675,-0.00015094918816245737,0.0004094180370584248,-0.00015059020966730116,0.0004109306089359795,-0.00015178882686394825
16.77703961584634,0.00040793611697432407,-0.00015003496735130486,0.00040694777771253945,-0.00014967352453862064,0.0004085256068248194,-0.00015079155823282715
16.787043217286918,0.0004054872728686985,-0.00014912629260751284,0.00040447848593761155,-0.00014875720080301895,0.00040612060471365935,-0.00014979428960170608
16.797046818727495,0.0004030531293288895,-0.00014822313021353826,0.0004020774741603235,-0.0001478663800223953,0.0004037156026024993,-0.000148797020970585
16.807050420168068,0.0004006335981022892,-0.00014732544665733334,0.0003996764623830363,-0.00014697555924177196,0.0004013106004913401,-0.00014779975233946427
16.817054021608644,0.00039822859146604897,-0.00014643320863111362,0.00039727808050583907,-0.0001460857492968983,0.00039890559838018,-0.00014680248370834318
16.82705762304922,0.0003958380222239666,-0.00014554638303013436,0.00039488801402289545,-0.00014519913548020297,0.00039650059626901993,-0.00014580521507722208
16.837061224489798,0.00039346180370337773,-0.00014466493695146902,0.0003924979475399518,-0.00014431252166350768,0.00039409559415785986,-0.00014480794644610101
16.847064825930374,0.00039109984975206397,-0.00014378883769279447,0.0003901400249680732,-0.0001434379071362544,0.0003916905920466998,-0.00014381067781497992
16.85706842737095,0.0003887520747351735,-0.00014291805275118134,0.00038781885095196276,-0.00014257701080764676,0.0003892855899355397,-0.00014281340918385882
16.867072028811528,0.0003864183935321546,-0.00014205254982188942,0.0003854976769358523,-0.0001417161144790391,0.00038688058782437965,-0.00014181614055273776
16.877075630252104,0.00038409872153370174,-0.00014119229679716868,0.0003831824849634961,-0.000140857533583887,0.0003844755857132196,-0.00014081887192161666
16.887079231692677,0.0003817929746387169,-0.00014033726176506582,0.0003808699444769279,-0.0001399999789832844,0.0003820705836020603,-0.00013982160329049592
16.897082833133254,0.0003795010692512787,-0.0001394874130082349,0.00037855740399035887,-0.00013914242438268153,0.0003796655814909003,-0.00013882433465937482
16.90708643457383,0.000377222922277635,-0.00013864271900275639,0.00037630793355145146,-0.00013830840082776293,0.0003772605793797402,-0.00013782706602825375
16.917090036014407,0.00037495845112319885,-0.00013780314841695888,0.00037406400793357536,-0.00013747644601136343,0.00037485557726858016,-0.00013682979739713266
16.927093637454984,0.00037270757368956456,-0.00013696867011024787,0.0003718210033973138,-0.00013664485211664065,0.00037245057515742004,-0.00013583252876601156
16.93709723889556,0.00037047020837153484,-0.00013613925313193964,0.0003695834085258775,-0.00013581537797468282,0.00037004557304626,-0.0001348352601348905
16.947100840336137,0.0003682462740541636,-0.00013531486672010125,0.00036734581365444123,-0.00013498590383272495,0.0003676405709350999,-0.0001338379915037694
16.957104441776714,0.00036603569010981165,-0.00013449548030039602,0.00036513365511735025,-0.00013416591464919194,0.0003652355688239398,-0.0001328407228726483
16.967108043217287,0.000363838376395218,-0.00013368106348493502,0.00036296447472806655,-0.0001333619515934647,0.0003628305667127806,-0.0001318434542415276
16.977111644657864,0.00036165425324858203,-0.00013287158607113315,0.0003607952943387821,-0.00013255798853773718,0.00036042556460162055,-0.0001308461856104065
16.98711524609844,0.0003594832414866671,-0.00013206701804057374,0.00035862852690568076,-0.00013175499609580882,0.00035835597744623065,-0.00013013307456936042
16.997118847539017,0.0003573252624019119,-0.0001312673295578765,0.0003564633808743405,-0.00013095265586420007,0.00035639741127753926,-0.00012951401853535943
17.007122448979594,0.00035518023775955973,-0.00013047249096957255,0.00035429823484300026,-0.0001301503156325913,0.00035443884510884786,-0.00012889496250135843
17.01712605042017,0.00035304808979480263,-0.0001296824728029854,0.00035218938839253253,-0.00012936895758163393,0.00035248027894015647,-0.00012827590646735743
17.027129651860747,0.00035092874120993975,-0.0001288972457651179,0.0003500925334630186,-0.00012859206862716072,0.0003505217127714651,-0.00012765685043335644
17.037133253301324,0.00034882211517155186,-0.00012811678074154523,0.0003479957668592683,-0.00012781521857747766,0.0003485631466027737,-0.00012703779439935544
17.047136854741897,0.0003467281353076908,-0.0001273410487953145,0.0003459006537133403,-0.00012703909682525752,0.000346604580434083,-0.0001264187383653547
17.057140456182474,0.0003446467257050815,-0.00012657002116584897,0.00034380554056741156,-0.00012626297507303707,0.0003446460142653916,-0.0001257996823313537
17.06714405762305,0.00034257781090634684,-0.00012580366926786147,0.00034172933214032044,-0.00012549389509481162,0.0003426874480967002,-0.0001251806262973527
17.077147659063627,0.00034052131590723975,-0.0001250419646902711,0.00033970246360315467,-0.00012474319361545594,0.0003407288819280088,-0.0001245615702633517
17.087151260504204,0.00033847716615389653,-0.00012428487919512792,0.00033767559506598895,-0.00012399249213610028,0.0003387703157593174,-0.0001239425142293507
17.09715486194478,0.00033644528754010397,-0.00012353238471654346,0.0003356484499285833,-0.00012324174678615614,0.000336811749590626,-0.00012332345819534972
17.107158463385357,0.000334425606404583,-0.00012278445335962796,0.0003336210318380442,-0.0001224909581440782,0.0003348531834219346,-0.00012270440216134872
17.117162064825933,0.0003324180495282888,-0.00012204105739943382,0.0003315936137475051,-0.00012174016950200028,0.00033289461725324323,-0.00012208534612734772
17.12716566626651,0.0003304225441317264,-0.00012130216927990575,0.0003296160106041534,-0.00012100792641810263,0.00033093605108455184,-0.00012146629009334672
17.137169267707083,0.00032843901787228436,-0.00012056776161283762,0.00032765686748393284,-0.00012028255579824078,0.0003289774849158611,-0.00012084723405934595
17.14717286914766,0.000326467398841581,-0.00011983780717683467,0.00032569772436371165,-0.00011955718517837865,0.0003270189187471697,-0.00012022817802534496
17.157176470588237,0.00032450761556283413,-0.00011911227891628499,0.00032373586428152863,-0.00011883091480196396,0.0003250603525784783,-0.00011960912199134396
17.167180072028813,0.000322559596988241,-0.00011839114994033517,0.0003217738789324842,-0.00011810460294183294,0.0003231017864097869,-0.00011899006595734296
17.17718367346939,0.0003206232724963785,-0.00011767439352187378,0.0003198243549259331,-0.00011738292785160847,0.0003211432202410955,-0.00011837100992334197
17.187187274909967,0.0003186985718896198,-0.00011696198309652162,0.00031793075181702727,-0.00011668206049823002,0.0003191846540724041,-0.00011775195388934097
17.197190876350543,0.00031678542539156793,-0.00011625389226162872,0.0003160371487081214,-0.00011598119314485158,0.0003172260879037127,-0.00011713289785533998
17.20719447779112,0.0003148837636445069,-0.00011555009477527812,0.0003141414462119629,-0.00011527959206338117,0.00031526752173502133,-0.00011651384182133898
17.217198079231693,0.0003129935177068711,-0.0001148505645552971,0.00031224270428235385,-0.00011457692871114421,0.00031330895556633064,-0.0001158947857873382
17.22720168067227,0.0003111146190507282,-0.00011415527567827385,0.0003103439623527442,-0.00011387426535890701,0.00031135038939763925,-0.00011527572975333721
17.237205282112846,0.00030924699955928755,-0.00011346420237858379,0.00030848874914692233,-0.00011318779023604176,0.00030939182322894785,-0.00011465667371933621
17.247208883553423,0.0003073905915244186,-0.00011277731904742061,0.0003066585737755492,-0.00011251062662455944,0.00030743325706025646,-0.00011403761768533522
17.257212484994,0.0003055453276441912,-0.00011209460023183528,0.0003048283984041762,-0.00011183346301307711,0.00030547469089156506,-0.00011341856165133422
17.267216086434576,0.00030371114102043325,-0.00011141602063378243,0.0003029918144815411,-0.00011115401529947317,0.0003035161247228736,-0.00011279950561733323
17.277219687875153,0.00030188796515630674,-0.00011074155510917366,0.0003011541971982765,-0.00011047419928091078,0.0003015575585541822,-0.00011218044958333223
17.28722328931573,0.0003000757339539013,-0.00011007117866693812,0.0002993225987490317,-0.00010979662049333447,0.0002997026940011388,-0.00011152181458113451
17.297226890756303,0.00029827438171184796,-0.00010940486646809078,0.0002975538096169286,-0.00010914238824597871,0.00029802599771876665,-0.00011079517951669614
17.30723049219688,0.0002964838431229472,-0.0001087425938248067,0.0002957850204848249,-0.00010848815599862273,0.0002963493014363939,-0.0001100685444522575
17.317234093637456,0.0002947040532718233,-0.00010808433619950513,0.0002940131709921804,-0.00010783282203363622,0.0002946726051540212,-0.00010934190938781887
17.327237695078033,0.00029293494763258987,-0.00010743006920393869,0.0002922346277669783,-0.00010717507835153482,0.00029299590887164846,-0.00010861527432338023
17.33724129651861,0.0002911764620665384,-0.0001067797685982912,0.00029045608454177617,-0.00010651733466943343,0.0002913192125892757,-0.00010788863925894159
17.347244897959186,0.0002894285328198448,-0.00010613341029028285,0.0002887148955192464,-0.00010587346862117863,0.000289642516306903,-0.00010716200419450296
17.357248499399763,0.0002876910965212957,-0.00010549097033428282,0.0002870055196263129,-0.00010524142161689925,0.00028796582002453027,-0.00010643536913006432
17.36725210084034,0.00028596409018003324,-0.00010485242493042972,0.00028529614373337935,-0.00010460937461261987,0.00028628912374215754,-0.00010570873406562568
17.377255702280916,0.00028424745118331993,-0.00010421775042375944,0.0002835775117740804,-0.0001039739755095808,0.0002846124274597848,-0.00010498209900118704
17.38725930372149,0.000282541117294324,-0.00010358692330334127,0.00028185605791536633,-0.00010333755445130116,0.00028293573117741267,-0.00010425546393674866
17.397262905162066,0.00028084502664992033,-0.00010295992020142034,0.0002801346040566516,-0.00010270113339302128,0.00028125903489503994,-0.00010352882887231002
17.407266506602642,0.00027915911775851834,-0.00010233671789257029,0.0002784822242182037,-0.00010209036135239728,0.0002795823386126672,-0.00010280219380787139
17.41727010804322,0.00027748332949790343,-0.00010171729329285153,0.0002768303548615791,-0.00010147977886722768,0.0002779056423302945,-0.00010207555874343275
17.427273709483796,0.0002758176011131013,-0.00010110162345897843,0.0002751753288304454,-0.00010086804871810206,0.00027622894604792175,-0.00010134892367899411
17.437277310924372,0.00027416187221426244,-0.00010048968558749446,0.00027350904332876165,-0.00010025222499249993,0.000274552249765549,-0.00010062228861455547
17.44728091236495,0.00027251608277456595,-9.988145701395493e-05,0.00027184275782707795,-9.963640126689781e-05,0.0002728755534831763,-9.989565355011683e-05
17.457284513805526,0.00027088017312814564,-9.927691521211818e-05,0.0002702076770639554,-9.903215889292353e-05,0.00027119885720080356,-9.91690184856782e-05
17.4672881152461,0.00026925408396803497,-9.867603779314481e-05,0.00026861147171106564,-9.844234476979644e-05,0.0002695221609184315,-9.844238342123982e-05
17.477291716686675,0.0002676377563441319,-9.807880250480403e-05,0.0002670152663581753,-9.785253064666914e-05,0.00026784546463605875,-9.771574835680118e-05
17.487295318127252,0.00026603113166118913,-9.74851872306904e-05,0.00026540779782281855,-9.72586105234004e-05,0.000266168768353686,-9.698911329236254e-05
17.49729891956783,0.0002644341516768199,-9.689516998944655e-05,0.0002637948212072787,-9.666268242609072e-05,0.0002644920720713133,-9.62624782279239e-05
17.507302521008405,0.0002628467584995281,-9.630872893399528e-05,0.00026218184459173883,-9.606675432878105e-05,0.00026281537578894056,-9.553584316348527e-05
17.517306122448982,0.0002612688945624115,-9.572584234148665e-05,0.00026063230758313063,-9.549435962793285e-05,0.0002611386795065678,-9.480920809904663e-05
17.52730972388956,0.00025970050254732144,-9.514648858434216e-05,0.0002590899858163398,-9.492464147497747e-05,0.0002594619832241951,-9.408257303460799e-05
17.537313325330135,0.00025814152560320834,-9.457064621358196e-05,0.0002575452864151358,-9.435405486924792e-05,0.00025778528694182237,-9.335593797016935e-05
17.54731692677071,0.0002565919072377178,-9.399829391742229e-05,0.0002559838186785214,-9.377734347523121e-05,0.00025610859065945023,-9.262930290573099e-05
17.557320528211285,0.0002550515912947968,-9.342941051271192e-05,0.0002544223509419064,-9.320063208121429e-05,0.0002544318943770775,-9.190266784129235e-05
17.567324129651862,0.0002535205219528592,-9.286397494421753e-05,0.00025288587630025166,-9.263318754293801e-05,0.00025275519809470477,-9.117603277685371e-05
17.57732773109244,0.00025199864372295056,-9.230196628390838e-05,0.00025139571783082637,-9.208291595931949e-05,0.00025107850181233204,-9.044939771241507e-05
17.587331332533015,0.0002504859014469199,-9.174336373024427e-05,0.0002499055593614011,-9.153264437570095e-05,0.00024950220678211056,-8.982732602607129e-05
17.597334933973592,0.0002489822402955956,-9.118814660746496e-05,0.00024840297507728237,-9.097782764474173e-05,0.0002481470857607146,-8.943559709954433e-05
17.60733853541417,0.0002474876057669654,-9.063629436488157e-05,0.0002468912736674726,-9.041967602745018e-05,0.00024679196473931865,-8.904386817301737e-05
17.617342136854745,0.00024600194368436213,-9.008778657617e-05,0.0002453795722576628,-8.986152441015862e-05,0.0002454368437179227,-8.865213924649041e-05
17.62734573829532,0.00024452520019465317,-8.954260293866642e-05,0.00024392572929791953,-8.932481503838563e-05,0.00024408172269652727,-8.82604103199636e-05
17.637349339735895,0.00024305732176643349,-8.900072327266392e-05,0.00024248607204708144,-8.879336286677699e-05,0.00024272660167513134,-8.786868139343665e-05
17.64735294117647,0.00024159825518822817,-8.8462127520713e-05,0.00024104571020077382,-8.826165268948347e-05,0.0002413714806537354,-8.747695246690969e-05
17.65735654261705,0.00024014794756669464,-8.792679574692227e-05,0.00023958208807627155,-8.772142516533536e-05,0.00024001635963233947,-8.708522354038273e-05
17.667360144057625,0.0002387063463248328,-8.739470813626227e-05,0.00023811846595176927,-8.718119764118723e-05,0.00023866123861094351,-8.669349461385578e-05
17.6773637454982,0.00023727339920019946,-8.6865844993871e-05,0.00023667347461153574,-8.664787138096612e-05,0.0002373061175895476,-8.630176568732882e-05
17.687367346938778,0.00023584905424312865,-8.634018674436196e-05,0.00023528271285647262,-8.613463298578145e-05,0.00023595099656815164,-8.591003676080186e-05
17.697370948379355,0.00023443325981495615,-8.581771393113397e-05,0.0002338919511014095,-8.562139459059678e-05,0.00023459587554675571,-8.551830783427492e-05
17.70737454981993,0.00023302596458625027,-8.529840721568348e-05,0.00023248845730840085,-8.510349024386e-05,0.00023324075452535976,-8.512657890774796e-05
17.717378151260505,0.00023162711753504827,-8.478224737691924e-05,0.00023107128105577575,-8.458057164143552e-05,0.00023188563350396433,-8.473484998122114e-05
17.72738175270108,0.00023023666794509573,-8.426921531047818e-05,0.00022965410480315013,-8.405765303901087e-05,0.00023053051248256838,-8.434312105469418e-05
17.737385354141658,0.00022885456540409644,-8.375929202804561e-05,0.00022828917293789576,-8.355407789562789e-05,0.00022917539146117245,-8.395139212816723e-05
17.747388955582235,0.0002274807598019634,-8.325245865667572e-05,0.00022694575552065503,-8.305846846616934e-05,0.0002278202704397765,-8.355966320164028e-05
17.75739255702281,0.00022611520132907745,-8.274869643811558e-05,0.00022560233810341428,-8.256285903671078e-05,0.00022646514941838058,-8.316793427511333e-05
17.767396158463388,0.00022475784047455163,-8.224798672813113e-05,0.00022423191530632287,-8.205734675488552e-05,0.00022511002839698462,-8.277620534858637e-05
17.777399759903965,0.0002234086280245013,-8.175031099583552e-05,0.00022285960331747576,-8.155114170787228e-05,0.0002237549073755887,-8.238447642205941e-05
17.78740336134454,0.00022206751506032046,-8.125565082302028e-05,0.0002214993187263947,-8.104938774873571e-05,0.00022239978635419275,-8.199274749553246e-05
17.797406962785114,0.00022073445295696414,-8.076398790348856e-05,0.00022020174732366587,-8.05708426264409e-05,0.0002210446653327973,-8.160101856900565e-05
17.80741056422569,0.00021940939338123503,-8.027530404239045e-05,0.00021890417592093655,-8.009229750414589e-05,0.00021968954431140136,-8.120928964247869e-05
17.817414165666268,0.0002180922882900808,-7.978958115556237e-05,0.0002175944425648439,-7.96092905252468e-05,0.0002183344232900054,-8.081756071595173e-05
17.827417767106844,0.00021678308992889301,-7.930680126886723e-05,0.0002162654632720622,-7.911922278833024e-05,0.00021697930226860949,-8.042583178942478e-05
17.83742136854742,0.00021548175082981475,-7.882694651753817e-05,0.0002149364839792805,-7.862915505141368e-05,0.00021562418124721356,-8.003410286289782e-05
17.847424969987998,0.00021418822381005442,-7.834999914552454e-05,0.0002136540144138154,-7.815629178479362e-05,0.0002142690602258176,-7.964237393637086e-05
17.857428571428574,0.00021290246197020577,-7.787594150484076e-05,0.00021240084186566728,-7.769426581379507e-05,0.00021291393920442169,-7.92506450098439e-05
17.86743217286915,0.00021162441869257455,-7.740475605491759e-05,0.00021114766931751918,-7.723223984279652e-05,0.00021155881818302573,-7.885891608331696e-05
17.877435774309724,0.0002103540476395128,-7.693642536195637e-05,0.0002098659782750404,-7.67597476528255e-05,0.0002102036971616303,-7.846718715679014e-05
17.8874393757503,0.00020909130275175662,-7.647093209828524e-05,0.00020857884844186826,-7.628525943972358e-05,0.0002089535674909547,-7.798311994965443e-05
17.897442977190877,0.0002078361382467765,-7.600825904171957e-05,0.00020729680852994313,-7.58126532049817e-05,0.00020777202929311172,-7.743872759552017e-05
17.907446578631454,0.00020658850861712903,-7.554838907492362e-05,0.00020608663722565887,-7.536662010522216e-05,0.00020659049109526874,-7.689433524138591e-05
17.91745018007203,0.0002053483686288185,-7.509130518477578e-05,0.00020487646592137458,-7.492058700546264e-05,0.00020540895289742576,-7.634994288725164e-05
17.927453781512607,0.00020411567331966472,-7.463699046173663e-05,0.0002036556071166213,-7.447063062467409e-05,0.00020422741469958277,-7.580555053311738e-05
17.937457382953184,0.00020289037799767822,-7.418542809921953e-05,0.00020240889018264123,-7.401118196754493e-05,0.0002030458765017398,-7.526115817898312e-05
17.94746098439376,0.00020167243823944272,-7.373660139296451e-05,0.00020116217324866111,-7.355173331041578e-05,0.00020186433830389678,-7.471676582484886e-05
17.957464585834337,0.00020046180988850435,-7.329049374041467e-05,0.00019995602088856762,-7.310727665295725e-05,0.0002006828001060538,-7.41723734707146e-05
17.96746818727491,0.00019925844905376955,-7.284708864009594e-05,0.00019878750120776745,-7.267672841512481e-05,0.00019950126190821125,-7.362798111658053e-05
17.977471788715487,0.00019806231210790757,-7.240636969099904e-05,0.00019761898152696687,-7.224618017729225e-05,0.00019831972371036824,-7.308358876244627e-05
17.987475390156064,0.00019687335568576507,-7.19683205919658e-05,0.00019642127384884595,-7.18049154004866e-05,0.00019713818551252526,-7.253919640831201e-05
17.99747899159664,0.00019569153668278402,-7.153292514107709e-05,0.00019521357832652376,-7.13599835299621e-05,0.00019595664731468228,-7.199480405417775e-05
18.007482593037217,0.00019451681225342933,-7.110016723504461e-05,0.00019400588280420156,-7.091505165943759e-05,0.0001947751091168393,-7.145041170004348e-05
18.017486194477794,0.000193349139809624,-7.067003086860552e-05,0.00019287543364350878,-7.04986564256443e-05,0.0001935935709189963,-7.090601934590922e-05
18.02748979591837,0.00019218847701919187,-7.024250013392015e-05,0.0001917472624508274,-7.008310272722247e-05,0.00019241203272115333,-7.036162699177496e-05
18.037493397358947,0.00019103478180430863,-6.981755921997312e-05,0.00019061081904446118,-6.966451148946888e-05,0.00019123049452331035,-6.98172346376407e-05
18.04749699879952,0.00018988801233996074,-6.939519241197731e-05,0.00018944079696626756,-6.923359023459183e-05,0.00019004895632546777,-6.927284228350662e-05
18.057500600240097,0.00018874812705241072,-6.897538409078076e-05,0.00018827077488807356,-6.880266897971462e-05,0.0001888674181276248,-6.872844992937236e-05
18.067504201680674,0.00018761508461767476,-6.855811873227797e-05,0.00018713506894370491,-6.838441952228642e-05,0.0001876858799297818,-6.818405757523811e-05
18.07750780312125,0.00018648884396000424,-6.814338090682308e-05,0.00018604598813534652,-6.798338716403848e-05,0.00018650434173193882,-6.763966522110385e-05
18.087511404561827,0.0001853693642503775,-6.773115527864707e-05,0.00018495690732698813,-6.758235480579052e-05,0.00018532280353409584,-6.709527286696959e-05
18.097515006002403,0.00018425660490500002,-6.732142660527811e-05,0.00018383884163882558,-6.717067858630468e-05,0.00018414126533625283,-6.655088051283532e-05
18.10751860744298,0.00018315052558381262,-6.691417973696526e-05,0.0001827051870528962,-6.675327779366885e-05,0.00018295972713840985,-6.600648815870106e-05
18.117522208883557,0.00018205108618900837,-6.650939961610553e-05,0.00018157153246696679,-6.633587700103303e-05,0.00018177818894056687,-6.54620958045668e-05
18.12752581032413,0.00018095824686355862,-6.610707127667438e-05,0.00018051015094012237,-6.594515304967668e-05,0.0001805966507427243,-6.491770345043273e-05
18.137529411764707,0.00017987196798974553,-6.57071798436592e-05,0.00017945894604066485,-6.55581854119038e-05,0.0001794151125448813,-6.437331109629846e-05
18.147533013205283,0.0001787922101877074,-6.53097105324973e-05,0.00017840287021960368,-6.51694290321631e-05,0.00017823357434703833,-6.38289187421642e-05
18.15753661464586,0.00017771893431398896,-6.49146486485163e-05,0.00017730431773226631,-6.476507400358225e-05,0.00017705203614919534,-6.328452638802994e-05
18.167540216086437,0.0001766521014601026,-6.452197958637847e-05,0.00017620576524492897,-6.436071897500143e-05,0.00017587049795135236,-6.274013403389568e-05
18.177543817527013,0.00017559167295109788,-6.413168882952863e-05,0.00017513488075956307,-6.396657232605336e-05,0.00017475253590075172,-6.227785436066175e-05
18.18754741896759,0.0001745376103441406,-6.374376194964555e-05,0.00017412037956745268,-6.359322884399428e-05,0.00017380986100084514,-6.204196931017853e-05
18.197551020408167,0.0001734898754271007,-6.335818460609697e-05,0.00017310587837534227,-6.32198853619352e-05,0.00017286718610093856,-6.180608425969531e-05
18.20755462184874,0.00017244843021714968,-6.297494254539827e-05,0.00017206350552137446,-6.283630676865436e-05,0.00017192451120103233,-6.157019920921218e-05
18.217558223289316,0.0001714132369593659,-6.259402160067434e-05,0.00017099882888491042,-6.244453771670329e-05,0.00017098183630112574,-6.133431415872896e-05
18.227561824729893,0.00017038425812535262,-6.221540769112622e-05,0.00016993415224844638,-6.20527686647522e-05,0.0001700391614012192,-6.109842910824574e-05
18.23756542617047,0.00016936145641186173,-6.18390868215003e-05,0.00016893651232593836,-6.16857234393465e-05,0.0001690964865013126,-6.086254405776251e-05
18.247569027611046,0.00016834479473942934,-6.146504508156172e-05,0.00016795758360616116,-6.132557909710574e-05,0.00016815381160140602,-6.0626659007279294e-05
18.257572629051623,0.00016733423625102004,-6.10932686455717e-05,0.00016697822549934532,-6.096527708145122e-05,0.00016721113670149947,-6.0390773956796075e-05
18.2675762304922,0.00016632974431068123,-6.072374377176827e-05,0.00016594623624341208,-6.05856486022462e-05,0.00016626846180159288,-6.015488890631285e-05
18.277579831932776,0.00016533128250220732,-6.035645680185122e-05,0.00016491424698747884,-6.020602012304118e-05,0.0001653257869016863,-5.991900385582963e-05
18.287583433373353,0.0001643388146278133,-5.9991394160470554e-05,0.00016390277715168703,-5.983395639894127e-05,0.00016438311200177975,-5.968311880534641e-05
18.297587034813926,0.00016335230470681898,-5.962854235471918e-05,0.00016295832937415986,-5.948660124135631e-05,0.0001634404371018735,-5.944723375486327e-05
18.307590636254503,0.0001623717169743416,-5.9267887973628736e-05,0.00016201388159663233,-5.9139246083771223e-05,0.00016249776220196693,-5.9211348704380054e-05
18.31759423769508,0.0001613970158800014,-5.89094176876707e-05,0.0001610436317621052,-5.8782416948243876e-05,0.00016155508730206035,-5.897546365389683e-05
18.327597839135656,0.00016042816608663468,-5.855311824826013e-05,0.0001600431778672923,-5.8414497510849575e-05,0.00016061241240215377,-5.873957860341361e-05
18.337601440576233,0.0001594651324690182,-5.819897648726405e-05,0.0001590427239724794,-5.804657807345527e-05,0.00015966973750224718,-5.850369355293039e-05
18.34760504201681,0.00015850788011260398,-5.7846979316513735e-05,0.00015810371168014666,-5.7701301009734515e-05,0.00015872706260234063,-5.8267808502447164e-05
18.357608643457386,0.000157556374312264,-5.7497113727321026e-05,0.00015719269180241847,-5.7366339671611983e-05,0.00015778438770243405,-5.8031923451963945e-05
18.367612244897963,0.00015661058057104592,-5.714936678999873e-05,0.0001562816719246903,-5.703137833348946e-05,0.00015684171280252746,-5.7796038401480726e-05
18.377615846338536,0.00015567046459893946,-5.680372565338522e-05,0.00015531675265120147,-5.667662813778251e-05,0.00015589903790262123,-5.756015335099759e-05
18.387619447779112,0.00015473599231165144,-5.646017754437254e-05,0.00015434671726324072,-5.63199995896517e-05,0.00015495636300271468,-5.732426830051436e-05
18.39762304921969,0.00015380712982939553,-5.611870976744001e-05,0.0001533894463801301,-5.5968073183916355e-05,0.0001540136881028081,-5.708838325003114e-05
18.407626650660266,0.00015288384347568863,-5.5779309704190606e-05,0.0001525108386730411,-5.564512443609058e-05,0.0001530710132029015,-5.6852498199547924e-05
18.417630252100842,0.00015196609977616066,-5.5441964812892305e-05,0.0001516322309659521,-5.5322175688264816e-05,0.00015212833830299493,-5.66166131490647e-05
18.42763385354142,0.00015105386545737404,-5.510666262802349e-05,0.00015073090268307723,-5.499088616187834e-05,0.00015118566340308837,-5.638072809858148e-05
18.437637454981996,0.00015014710744565496,-5.4773390759822644e-05,0.0001497902028662699,-5.464514324974931e-05,0.0001502429885031818,-5.614484304809826e-05
18.447641056422572,0.00014924579286593529,-5.4442136893842384e-05,0.00014884950304946257,-5.4299400337620276e-05,0.0001493003136032752,-5.590895799761504e-05
18.457644657863145,0.00014834988904060612,-5.411288879050778e-05,0.00014796419058256099,-5.39740530716827e-05,0.00014835763870336898,-5.56730729471319e-05
18.467648259303722,0.00014745936348838095,-5.37856342846787e-05,0.0001471170154975428,-5.3662749383365036e-05,0.00014744636784902335,-5.537847212136122e-05
18.4776518607443,0.00014657418392317344,-5.3460361285217454e-05,0.00014626984041252462,-5.335144569504737e-05,0.00014660299060342155,-5.495693141242417e-05
18.487655462184875,0.00014569431825298324,-5.3137057774559865e-05,0.00014536926522139737,-5.302054126109078e-05,0.00014575961335781972,-5.4535390703487126e-05
18.497659063625452,0.00014481973457879498,-5.281571180829125e-05,0.00014445685074986856,-5.268529116678618e-05,0.00014491623611221792,-5.4113849994550075e-05
18.50766266506603,0.00014395040119348854,-5.2496311514726795e-05,0.00014354872771730725,-5.235162074671352e-05,0.00014407285886661612,-5.369230928561303e-05
18.517666266506605,0.00014308628658076086,-5.217884509449647e-05,0.00014273204079406625,-5.205160786362481e-05,0.00014322948162101432,-5.327076857667598e-05
18.527669867947182,0.00014222735941405958,-5.186330082013436e-05,0.00014191535387082527,-5.1751594980536105e-05,0.0001423861043754125,-5.2849227867738935e-05
18.53767346938776,0.00014137358855552826,-5.154966703567267e-05,0.00014108010488157063,-5.144476979774506e-05,0.0001415427271298107,-5.242768715880188e-05
18.547677070828332,0.00014052494305496406,-5.123793215624034e-05,0.00014019495706700289,-5.1119631688333826e-05,0.0001406993498842092,-5.200614644986499e-05
18.55768067226891,0.00013968139214878565,-5.0928084667665705e-05,0.00013930980925243484,-5.079449357892247e-05,0.00013985597263860739,-5.158460574092794e-05
18.567684273709485,0.00013884290525901605,-5.062011312608503e-05,0.00013847342957791947,-5.048730037025469e-05,0.00013901259539300556,-5.116306503199089e-05
18.577687875150062,0.000138009451992275,-5.031400615755443e-05,0.00013768632039128277,-5.019823690804874e-05,0.00013816921814740376,-5.074152432305385e-05
18.58769147659064,0.00013718100207817623,-5.000975243479151e-05,0.0001368992112046461,-4.9909173445842784e-05,0.00013732584090180196,-5.0319983614116796e-05
18.597695078031215,0.0001363575254029542,-4.970734068986568e-05,0.00013606016609348057,-4.9601052444238136e-05,0.00013648246365620016,-4.989844290517975e-05
18.607698679471792,0.00013553899213517698,-4.9406759761636004e-05,0.00013520129664801455,-4.9285657036037034e-05,0.00013563908641059836,-4.947690219624271e-05
18.61770228091237,0.00013472537262161266,-4.910799855643584e-05,0.0001343424272025485,-4.8970261627835926e-05,0.00013479570916499653,-4.9055361487305655e-05
18.62770588235294,0.00013391663738495656,-4.881104604720756e-05,0.0001335789999694891,-4.8689972768342726e-05,0.00013395233191939503,-4.863382077836876e-05
18.637709483793518,0.00013311275712289477,-4.851589127314217e-05,0.00013282059111423925,-4.8411529820847616e-05,0.00013310895467379323,-4.821228006943171e-05
18.647713085234095,0.00013231370270717227,-4.8222523339320495e-05,0.00013204893107247227,-4.812822525884892e-05,0.00013226557742819142,-4.7790739360494664e-05
18.65771668667467,0.00013151944518266005,-4.793093141635405e-05,0.00013121538100551147,-4.7822214394760196e-05,0.0001314222001825896,-4.736919865155762e-05
18.667720288115248,0.000130729955766425,-4.764110474002724e-05,0.00013038183093855066,-4.7516203530671473e-05,0.0001305788229369878,-4.694765794262057e-05
18.677723889555825,0.00012994520584680154,-4.73530326109401e-05,0.00012958975275672384,-4.7225441850841745e-05,0.000129735445691386,-4.652611723368352e-05
18.6877274909964,0.00012916516698246506,-4.706670439415186e-05,0.0001288591988692895,-4.695730261266288e-05,0.00012889206844578417,-4.610457652474647e-05
18.697731092436978,0.00012838981090150712,-4.6782109518825236e-05,0.00012812864498185512,-4.668916337448401e-05,0.00012804869120018237,-4.568303581580943e-05
18.70773469387755,0.00012761910950051265,-4.6499237477871674e-05,0.00012734865017920128,-4.640288841150495e-05,0.00012720531395458087,-4.5261495106872525e-05
18.717738295318128,0.0001268530348436381,-4.621807782759684e-05,0.000126539488726883,-4.610591465119762e-05,0.00012636193670897906,-4.483995439793548e-05
18.727741896758705,0.00012609155916169405,-4.5938620187348e-05,0.0001257303272745647,-4.5808940890890284e-05,0.00012551855946337726,-4.441841368899843e-05
18.73774549819928,0.00012533465485122707,-4.566085423916114e-05,0.00012501152286543214,-4.5545179694091216e-05,0.00012467518221777544,-4.3996872980061385e-05
18.747749099639858,0.00012458229447360507,-4.538476972740956e-05,0.0001243080096813451,-4.528703909713737e-05,0.00012383180497217364,-4.357533227112434e-05
18.757752701080435,0.0001238344507541048,-4.5110356458453195e-05,0.0001235977946861156,-4.502644062594995e-05,0.00012313136347193507,-4.3381443633872826e-05
18.76775630252101,0.00012309109658100093,-4.483760430028873e-05,0.00012281211827225785,-4.4738166848411454e-05,0.00012247242158807236,-4.3253650944965845e-05
18.777759903961588,0.00012235220500465772,-4.456650318220082e-05,0.0001220264418584001,-4.4449893070872965e-05,0.00012181347970420964,-4.3125858256058865e-05
18.787763505402165,0.00012161774923662295,-4.429704309441405e-05,0.00012127414479505307,-4.4173884308938195e-05,0.00012115453782034692,-4.2998065567151884e-05
18.797767106842738,0.00012088770264872418,-4.402921408774603e-05,0.00012059688824111927,-4.392544867244725e-05,0.00012049559593648444,-4.287027287824495e-05
18.807770708283314,0.0001201620387721663,-4.376300627326088e-05,0.00011991963168718524,-4.367701303595621e-05,0.00011983665405262172,-4.274248018933797e-05
18.81777430972389,0.00011944073129663377,-4.349840982192481e-05,0.00011919653636306928,-4.341176938816561e-05,0.00011917771216875901,-4.261468750043099e-05
18.827777911164468,0.00011872375406939302,-4.32354149642615e-05,0.00011843346759043176,-4.313186840616284e-05,0.00011851877028489628,-4.2486894811524017e-05
18.837781512605044,0.00011801108109439829,-4.2974011990009136e-05,0.00011767039881779425,-4.285196742416007e-05,0.00011785982840103357,-4.2359102122617036e-05
18.84778511404562,0.00011730268653140011,-4.271419124777831e-05,0.00011699198212810319,-4.2603160680309e-05,0.00011720088651717085,-4.2231309433710056e-05
18.857788715486198,0.00011659854469505586,-4.245594314471096e-05,0.00011634022744827444,-4.236414737396599e-05,0.00011654194463330813,-4.2103516744803075e-05
18.867792316926774,0.00011589863005404337,-4.219925814614036e-05,0.00011568847276844568,-4.212513406762298e-05,0.00011588300274944542,-4.1975724055896095e-05
18.877795918367347,0.00011520291723017713,-4.194412677525226e-05,0.00011494834308011832,-4.1853722180448744e-05,0.00011522406086558294,-4.184793136698916e-05
18.887799519807924,0.00011451138099752628,-4.169053961274668e-05,0.0001142070297508524,-4.1581876366452044e-05,0.00011456511898172021,-4.172013867808218e-05
18.8978031212485,0.00011382399628153727,-4.1438487296501726e-05,0.0001134900796503757,-4.131897660213641e-05,0.0001139061770978575,-4.15923459891752e-05
18.907806722689077,0.00011314073815815742,-4.118796052123753e-05,0.00011286310056435209,-4.1089113721893724e-05,0.00011324723521399479,-4.146455330026823e-05
18.917810324129654,0.00011246158185296225,-4.093895003818188e-05,0.00011223612147832848,-4.0859250841651036e-05,0.00011258829333013206,-4.133676061136125e-05
18.92781392557023,0.0001117865027402853,-4.069144665473691e-05,0.00011156810022161592,-4.0614344853402935e-05,0.00011192935144626935,-4.1208967922454266e-05
18.937817527010807,0.0001111154763423513,-4.04454412341468e-05,0.00011084771438580953,-4.035024577654029e-05,0.00011127040956240662,-4.1081175233547286e-05
18.947821128451384,0.00011044847832841188,-4.0200924695166874e-05,0.00011012732855000316,-4.008614669967764e-05,0.00011061146767854391,-4.0953382544640305e-05
18.957824729891957,0.00010978548451388471,-3.995788801173385e-05,0.00010948515117020122,-3.98507558540734e-05,0.00010995252579468143,-4.082558985573337e-05
18.967828331332534,0.00010912647085949445,-3.9716322212636906e-05,0.00010888224906381958,-3.9629781910293975e-05,0.00010929358391081872,-4.069779716682639e-05
18.97783193277311,0.00010847141347041929,-3.9476218381190816e-05,0.00010827934695743794,-3.9408807966514555e-05,0.00010863464202695599,-4.057000447791941e-05
18.987835534213687,0.00010782028859543814,-3.923756765490952e-05,0.00010758959894154781,-3.915600925482445e-05,0.00010797570014309328,-4.044221178901244e-05
18.997839135654264,0.00010717307262608216,-3.900036122518139e-05,0.00010688933597280379,-3.8899357328445704e-05,0.00010731675825923056,-4.031441910010546e-05
19.00784273709484,0.00010652974209578945,-3.876459033694561e-05,0.00010620336016140851,-3.864794812390122e-05,0.00010665781637536784,-4.018662641119848e-05
19.017846338535417,0.00010589027367906277,-3.8530246288369926e-05,0.00010562386330791863,-3.843561174146357e-05,0.00010599887449150513,-4.0058833722291496e-05
19.027849939975994,0.00010525464419063091,-3.8297320430529715e-05,0.00010504436645442875,-3.8223275359025915e-05,0.0001053399326076424,-3.9931041033384516e-05
19.037853541416567,0.00010462283058461327,-3.8065804167088404e-05,0.00010442991752879289,-3.799813350452401e-05,0.00010471251037656917,-3.966355733943932e-05
19.047857142857143,0.000103994809953687,-3.7835688953978895e-05,0.00010374899522580834,-3.774863764396774e-05,0.00010410118774498274,-3.9324722312784385e-05
19.05786074429772,0.00010337055952825979,-3.76069662990871e-05,0.00010306807292282378,-3.7499141783411476e-05,0.00010348986511339631,-3.898588728612946e-05
19.067864345738297,0.00010275005667564386,-3.737962776193609e-05,0.00010245804947229009,-3.72756541286011e-05,0.0001028785424818099,-3.864705225947452e-05
19.077867947178873,0.00010213327889923452,-3.715366495337203e-05,0.00010190131228364966,-3.707171375861752e-05,0.00010226721985022346,-3.830821723281959e-05
19.08787154861945,0.00010152020383769235,-3.692906953525144e-05,0.00010134457509500924,-3.686777338863394e-05,0.00010165589721863703,-3.796938220616466e-05
19.097875150060027,0.00010091080926412888,-3.670583322012991e-05,0.00010070364774850426,-3.663299480767871e-05,0.00010104457458705062,-3.763054717950973e-05
19.107878751500603,0.00010030507308529579,-3.648394777095216e-05,0.0001000413054616483,-3.639037209784618e-05,0.00010043325195546419,-3.7291712152854793e-05
19.11788235294118,9.970297334077803e-05,-3.626340500074371e-05,9.938196784783508e-05,-3.614885125830269e-05,9.982192932387776e-05,-3.6952877126199866e-05
19.127885954381753,9.910448820219101e-05,-3.6044196772303986e-05,9.884737015518784e-05,-3.5953074901115115e-05,9.921060669229156e-05,-3.6614042099545054e-05
19.13788955582233,9.850959597238021e-05,-3.5826314997900565e-05,9.831277246254041e-05,-3.575729854392747e-05,9.859928406070513e-05,-3.627520707289012e-05
19.147893157262907,9.791827508462703e-05,-3.5609751638965746e-05,9.775071786222607e-05,-3.55514671590567e-05,9.79879614291187e-05,-3.5936372046235185e-05
19.157896758703483,9.733050410185632e-05,-3.5394498705793784e-05,9.710621564414076e-05,-3.531544253140884e-05,9.737663879753228e-05,-3.559753701958026e-05
19.16790036014406,9.674626171584897e-05,-3.5180548257240136e-05,9.646171342605545e-05,-3.5079417903760975e-05,9.676531616594585e-05,-3.5258701992925324e-05
19.177903961584637,9.616552674645827e-05,-3.496789240042214e-05,9.587979771995108e-05,-3.486633773762325e-05,9.615399353435942e-05,-3.491986696627039e-05
19.187907563025213,9.558827814083017e-05,-3.475652329042126e-05,9.536674408248547e-05,-3.467850267675471e-05,9.554267090277301e-05,-3.458103193961546e-05
19.19791116446579,9.501449497262788e-05,-3.454643312998698e-05,9.485369044501986e-05,-3.449066761588617e-05,9.493134827118658e-05,-3.424219691296053e-05
19.207914765906363,9.44441564412604e-05,-3.4337614169242305e-05,9.426032859434529e-05,-3.4273429381730586e-05,9.432002563960037e-05,-3.3903361886305716e-05
19.21791836734694,9.387724187111482e-05,-3.4130058705390545e-05,9.363294637362146e-05,-3.404373530033501e-05,9.370870300801395e-05,-3.356452685965078e-05
19.227921968787516,9.331373071079412e-05,-3.3923759082424515e-05,9.300556415289764e-05,-3.381404121893944e-05,9.309738037642752e-05,-3.3225691832995854e-05
19.237925570228093,9.275360253235781e-05,-3.371870769083656e-05,9.250384129175953e-05,-3.363040009993662e-05,9.248605774484109e-05,-3.288685680634092e-05
19.24792917166867,9.219683703056753e-05,-3.3514896967330724e-05,9.20117603331809e-05,-3.3450292646690416e-05,9.187473511325467e-05,-3.2548021779685986e-05
19.257932773109246,9.164341402213694e-05,-3.3312319394536456e-05,9.150124766939377e-05,-3.3263438339444145e-05,9.126341248166824e-05,-3.220918675303106e-05
19.267936374549823,9.1093313444986e-05,-3.3110967500724054e-05,9.08902844463992e-05,-3.303981449570997e-05,9.065208985008181e-05,-3.1870351726376124e-05
19.2779399759904,9.05465153574996e-05,-3.2910833859521825e-05,9.027932122340464e-05,-3.281619065197579e-05,9.004076721849538e-05,-3.153151669972119e-05
19.287943577430973,9.0002999937791e-05,-3.271191108963506e-05,8.97214821405813e-05,-3.261203035268009e-05,8.942944458690919e-05,-3.119268167306638e-05
19.29794717887155,8.946274748296865e-05,-3.251419185456635e-05,8.924982591245308e-05,-3.2439445601088064e-05,8.881812195532276e-05,-3.085384664641145e-05
19.307950780312126,8.892573840840969e-05,-3.231766886233849e-05,8.877816968432484e-05,-3.2266860849496036e-05,8.820679932373634e-05,-3.0515011619756516e-05
19.317954381752703,8.839195324703606e-05,-3.212233486521834e-05,8.823142571969022e-05,-3.206679680974885e-05,8.774399375255448e-05,-3.04623126878929e-05
19.32795798319328,8.786137264859619e-05,-3.192818265944295e-05,8.763619878365231e-05,-3.1848989825497076e-05,8.728174188981432e-05,-3.0410680542368375e-05
19.337961584633856,8.73339773789512e-05,-3.1735205084947316e-05,8.704097184761441e-05,-3.163118284124531e-05,8.681949002707417e-05,-3.0359048396843853e-05
19.347965186074433,8.680974831936602e-05,-3.154339502509408e-05,8.656539256441376e-05,-3.14571989581484e-05,8.635723816433401e-05,-3.0307416251319332e-05
19.35796878751501,8.628866646580508e-05,-3.135274540640504e-05,8.611363593566153e-05,-3.1291940549984876e-05,8.589498630159387e-05,-3.0255784105794807e-05
19.367972388955586,8.577071292823297e-05,-3.116324919829446e-05,8.565414219432259e-05,-3.112385130199623e-05,8.54327344388537e-05,-3.0204151960270285e-05
19.37797599039616,8.525586892992009e-05,-3.097489941280446e-05,8.507398636079127e-05,-3.0911614440523285e-05,8.497048257611372e-05,-3.0152519814745778e-05
19.387979591836736,8.474411580675237e-05,-3.078768910434185e-05,8.449383052725972e-05,-3.069937757905027e-05,8.450823071337356e-05,-3.0100887669221256e-05
19.397983193277312,8.423543500654784e-05,-3.06016113694176e-05,8.395602744396883e-05,-3.0502648546826015e-05,8.404597885063341e-05,-3.0049255523696735e-05
19.40798679471789,8.372980808837616e-05,-3.041665934638763e-05,8.352366751586576e-05,-3.0344528446414048e-05,8.358372698789325e-05,-2.999762337817221e-05
19.417990396158466,8.322721672188448e-05,-3.0232826215195734e-05,8.30913075877627e-05,-3.0186408346002078e-05,8.312147512515311e-05,-2.994599123264769e-05
19.427993997599042,8.272764268662788e-05,-3.0050105197118552e-05,8.259054500431211e-05,-3.0003267017514677e-05,8.265922326241296e-05,-2.9894359087123164e-05
19.43799759903962,8.223106787140521e-05,-2.9868489554512464e-05,8.202481187215108e-05,-2.9796359902316053e-05,8.21969713996728e-05,-2.9842726941598642e-05
19.448001200480196,8.173747427359992e-05,-2.9687972590562414e-05,8.145907873999004e-05,-2.958945278711743e-05,8.173471953693264e-05,-2.9791094796074117e-05
19.45800480192077,8.124684399852652e-05,-2.9508547649032954e-05,8.100591293648697e-05,-2.9423751033575285e-05,8.127246767419266e-05,-2.9739462650549613e-05
19.468008403361345,8.075915925878128e-05,-2.933020811402085e-05,8.059246848246857e-05,-2.9272589312123376e-05,8.081021581145251e-05,-2.968783050502509e-05
19.478012004801922,8.02744023736001e-05,-2.9152947409710513e-05,8.017902402845016e-05,-2.912142759067147e-05,8.034796394871235e-05,-2.9636198359500567e-05
19.4880156062425,7.97925557682199e-05,-2.8976759000130715e-05,7.96318629313996e-05,-2.892136462843181e-05,7.98857120859722e-05,-2.9584566213976045e-05
19.498019207683075,7.931360197324652e-05,-2.880163638891379e-05,7.907992015847835e-05,-2.871955296926244e-05,7.942346022323204e-05,-2.953293406845152e-05
19.508022809123652,7.88375236240276e-05,-2.8627573119056867e-05,7.855807780841999e-05,-2.8528756383579483e-05,7.89612083604919e-05,-2.9481301922927e-05
19.51802641056423,7.836430346003128e-05,-2.8454562772685162e-05,7.816308873810405e-05,-2.838438101279841e-05,7.849895649775174e-05,-2.9429669777402474e-05
19.528030012004805,7.789392432423024e-05,-2.8282598970817435e-05,7.776809966778812e-05,-2.8240005642017338e-05,7.803670463501159e-05,-2.9378037631877953e-05
19.53803361344538,7.742636916249147e-05,-2.811167537313365e-05,7.731299846464618e-05,-2.8073651931943055e-05,7.757445277227159e-05,-2.9326405486353448e-05
19.548037214885955,7.696162102297119e-05,-2.794178567774448e-05,7.677422906141999e-05,-2.787670725789772e-05,7.711220090953145e-05,-2.9274773340828923e-05
19.558040816326532,7.649966305551667e-05,-2.777292362096359e-05,7.623545965819381e-05,-2.7679762583852385e-05,7.664994904679129e-05,-2.9223141195304402e-05
19.56804441776711,7.604047851107242e-05,-2.760508297708152e-05,7.580094970124257e-05,-2.7520960049466914e-05,7.618769718405114e-05,-2.9171509049779877e-05
19.578048019207685,7.558405074109291e-05,-2.743825755814207e-05,7.542397654805726e-05,-2.738320670422671e-05,7.572544532131098e-05,-2.9119876904255356e-05
19.58805162064826,7.513036319696085e-05,-2.7272441213720855e-05,7.504700339487196e-05,-2.7245453358986505e-05,7.527190706475678e-05,-2.88834337176019e-05
19.59805522208884,7.467939942941147e-05,-2.7107627830706097e-05,7.454010113292776e-05,-2.7060206185816354e-05,7.482058712705054e-05,-2.8599941145527514e-05
19.608058823529415,7.42311430879627e-05,-2.6943811333081684e-05,7.401390277312092e-05,-2.6867905585124367e-05,7.43692671893443e-05,-2.8316448573453127e-05
19.618062424969988,7.378557792035137e-05,-2.6780985681712535e-05,7.350388538940829e-05,-2.6681522924268927e-05,7.391794725163823e-05,-2.8032956001378838e-05
19.628066026410565,7.334268777197462e-05,-2.6619144874132006e-05,7.314450882125719e-05,-2.6550234794066685e-05,7.346662731393199e-05,-2.774946342930445e-05
19.63806962785114,7.290245658533908e-05,-2.6458282944332118e-05,7.278513225310608e-05,-2.641894666386444e-05,7.301530737622575e-05,-2.7465970857230064e-05
19.648073229291718,7.246486839951437e-05,-2.6298393962555624e-05,7.237569625169075e-05,-2.626936429430273e-05,7.256398743851952e-05,-2.7182478285155677e-05
19.658076830732295,7.20299073495937e-05,-2.6139472035090603e-05,7.186148059931025e-05,-2.608149016053664e-05,7.211266750081328e-05,-2.689898571308129e-05
19.66808043217287,7.159755766616039e-05,-2.5981511304067415e-05,7.134726494692974e-05,-2.589361602677055e-05,7.166134756310704e-05,-2.6615493141006903e-05
19.678084033613448,7.116780367476051e-05,-2.5824505947258006e-05,7.092760094872952e-05,-2.5740312934328726e-05,7.12100276254008e-05,-2.6332000568932516e-05
19.688087635054025,7.074062979538207e-05,-2.5668450177877603e-05,7.058542130114881e-05,-2.5615340543348174e-05,7.075870768769457e-05,-2.604850799685813e-05
19.6980912364946,7.031602054194023e-05,-2.551333824438882e-05,7.02432416535681e-05,-2.5490368152367625e-05,7.030738774998833e-05,-2.5765015424783742e-05
19.708094837935175,6.989396052176924e-05,-2.5359164430308225e-05,6.977642921980745e-05,-2.531985940774341e-05,6.985606781228226e-05,-2.5481522852709457e-05
19.71809843937575,6.947443443511983e-05,-2.5205923054015066e-05,6.927362127173661e-05,-2.513619919215034e-05,6.940474787457602e-05,-2.519803028063507e-05
19.728102040816328,6.905742707466472e-05,-2.5053608468563043e-05,6.877120586061125e-05,-2.4952682460279343e-05,6.895342793686978e-05,-2.4914537708560683e-05
19.738105642256905,6.864292332500909e-05,-2.490221506149393e-05,6.844584269189893e-05,-2.483388349583289e-05,6.850210799916354e-05,-2.4631045136486296e-05
19.74810924369748,6.823090816220817e-05,-2.4751737254654018e-05,6.81204795231866e-05,-2.4715084531386437e-05,6.80507880614573e-05,-2.434755256441191e-05
19.758112845138058,6.782136665329147e-05,-2.460216950401295e-05,6.775704567703738e-05,-2.4582379191811515e-05,6.759946812375107e-05,-2.4064059992337523e-05
19.768116446578635,6.741428392431855e-05,-2.4453506287732724e-05,6.726508312047563e-05,-2.4402725161482733e-05,6.714814818604483e-05,-2.3780567420263136e-05
19.77812004801921,6.700964513224986e-05,-2.43057420956634e-05,6.677312056391387e-05,-2.4223071131153947e-05,6.669682824833859e-05,-2.349707484818875e-05
19.788123649459784,6.66074356190353e-05,-2.415887148687407e-05,6.63644148133365e-05,-2.4073841487285646e-05,6.624550831063252e-05,-2.321358227611446e-05
19.79812725090036,6.620764082013766e-05,-2.4012889055490167e-05,6.605550648115815e-05,-2.39610806364395e-05,6.579418837292628e-05,-2.2930089704040073e-05
19.808130852340938,6.58102462570092e-05,-2.386778942788095e-05,6.574659814897981e-05,-2.3848319785593357e-05,6.534286843522004e-05,-2.2646597131965686e-05
19.818134453781514,6.541523753665026e-05,-2.3723567262491337e-05,6.532001935435691e-05,-2.3692586683011792e-05,6.48915484975138e-05,-2.23631045598913e-05
19.82813805522209,6.502260035116876e-05,-2.3580217249674228e-05,6.48383519383865e-05,-2.351673568461234e-05,6.444022855980757e-05,-2.2079611987816912e-05
19.838141656662668,6.463232047734029e-05,-2.3437734111522967e-05,6.435668452241609e-05,-2.334088468621289e-05,6.398890862210133e-05,-2.1796119415742525e-05
19.848145258103244,6.424438377616829e-05,-2.329611260170405e-05,6.404640378694167e-05,-2.3227646083353866e-05,6.354809198877053e-05,-2.1536401410985867e-05
19.85814885954382,6.385877619244529e-05,-2.3155347505289993e-05,6.37536070459413e-05,-2.312079487754617e-05,6.322342382001135e-05,-2.1539589191980237e-05
19.868152460984394,6.347548375431422e-05,-2.301543363859257e-05,6.343685682566193e-05,-2.300519813335962e-05,6.289875565125227e-05,-2.15427769729746e-05
19.87815606242497,6.309449257283016e-05,-2.287636584899596e-05,6.296494574624061e-05,-2.2832951362147106e-05,6.257408748249309e-05,-2.1545964753968968e-05
19.888159663865547,6.271578884152347e-05,-2.27381390147907e-05,6.249303466681931e-05,-2.266070459093459e-05,6.22494193137339e-05,-2.1549152534963335e-05
19.898163265306124,6.23393588359627e-05,-2.260074804500736e-05,6.209129505888302e-05,-2.2514086494495697e-05,6.192475114497472e-05,-2.1552340315957706e-05
19.9081668667467,6.196518891331841e-05,-2.2464187879250766e-05,6.181428467885096e-05,-2.2413023161966886e-05,6.160008297621553e-05,-2.1555528096952073e-05
19.918170468187277,6.159326551192762e-05,-2.232845348753441e-05,6.153727429881889e-05,-2.231195982943807e-05,6.127541480745634e-05,-2.155871587794644e-05
19.928174069627854,6.12235751508591e-05,-2.219353987011519e-05,6.115139658848739e-05,-2.2171157871516958e-05,6.095074663869716e-05,-2.1561903658940807e-05
19.93817767106843,6.0856104429479077e-05,-2.2059442057328402e-05,6.068871388618018e-05,-2.2002320645384654e-05,6.062607846993797e-05,-2.1565091439935174e-05
19.948181272509007,6.049084002701784e-05,-2.1926155109423057e-05,6.0226031183872964e-05,-2.1833483419252354e-05,6.0301410301178786e-05,-2.156827922092954e-05
19.95818487394958,6.012776870213722e-05,-2.179367411639755e-05,5.99268129900786e-05,-2.172433219104503e-05,5.9976742132419716e-05,-2.1571467001923908e-05
19.968188475390157,5.976687729249806e-05,-2.1661994197835387e-05,5.966528139425144e-05,-2.162894151690865e-05,5.965207396366053e-05,-2.1574654782918275e-05
19.978192076830734,5.940815271432996e-05,-2.1531110502741774e-05,5.939625434309095e-05,-2.1530815506788406e-05,5.932740579490134e-05,-2.1577842563912642e-05
19.98819567827131,5.905158196200038e-05,-2.140101820937999e-05,5.8942282312866856e-05,-2.1365197045073237e-05,5.9002737626142155e-05,-2.158103034490701e-05
19.998199279711887,5.8697152107585246e-05,-2.1271712525108383e-05,5.848831028264275e-05,-2.1199578583358068e-05,5.867806945738297e-05,-2.1584218125901376e-05
20.008202881152464,5.834485030044044e-05,-2.1143188686217686e-05,5.8089412585773494e-05,-2.105406413331486e-05,5.8353401288623785e-05,-2.1587405906895744e-05
20.01820648259304,5.799466376677398e-05,-2.1015441957768672e-05,5.784306950886354e-05,-2.096423732710592e-05,5.80287331198646e-05,-2.159059368789011e-05
20.028210084033617,5.7646579809219195e-05,-2.088846763343016e-05,5.759672643195359e-05,-2.087441052089698e-05,5.770406495110541e-05,-2.1593781468884478e-05
20.03821368547419,5.7300585806409034e-05,-2.0762261035317465e-05,5.725235380139854e-05,-2.0748817977337067e-05,5.737939678234634e-05,-2.1596969249878845e-05
20.048217286914767,5.695666921255055e-05,-2.0636817513831055e-05,5.680658441383404e-05,-2.058623118413924e-05,5.7054728613587155e-05,-2.1600157030873212e-05
20.058220888355343,5.661481755700169e-05,-2.051213244749595e-05,5.636081502626954e-05,-2.042364439094142e-05,5.673006044482797e-05,-2.160334481186758e-05
20.06822448979592,5.627501844384793e-05,-2.038820124280118e-05,5.606891327801027e-05,-2.0317209736264423e-05,5.6405392276068785e-05,-2.1606532592861946e-05
20.078228091236497,5.5937259551480375e-05,-2.0265019334039805e-05,5.583748544358372e-05,-2.023284430681091e-05,5.608072410730959e-05,-2.1609720373856313e-05
20.088231692677073,5.560152863217493e-05,-2.0142582183149357e-05,5.560605760915718e-05,-2.0148478877357396e-05,5.575605593855041e-05,-2.161290815485068e-05
20.09823529411765,5.526781351167251e-05,-2.0020885279552693e-05,5.5179529344968556e-05,-1.9992948517838957e-05,5.5431387769791224e-05,-2.161609593584505e-05
20.108238895558227,5.493610208876031e-05,-1.989992413999928e-05,5.474146367821036e-05,-1.9833209769605045e-05,5.510671960103204e-05,-2.1619283716839418e-05
20.1182424969988,5.4606382334854354e-05,-1.9779694308406997e-05,5.434112247059873e-05,-1.968723451134402e-05,5.476821266546737e-05,-2.140425418453265e-05
20.128246098439377,5.4278642293582576e-05,-1.9660191355704148e-05,5.412435328744425e-05,-1.9608234148815804e-05,5.442767706876023e-05,-2.115723560361324e-05
20.138249699879953,5.3952870080370275e-05,-1.9541410879672372e-05,5.390758410428977e-05,-1.9529233786287593e-05,5.408714147205309e-05,-2.091021702269383e-05
20.14825330132053,5.362905388202559e-05,-1.942334850478964e-05,5.3605872221931825e-05,-1.9419256971474774e-05,5.374660587534596e-05,-2.0663198441774418e-05
20.158256902761106,5.330718195632668e-05,-1.930599988207387e-05,5.317501990378437e-05,-1.92621859086011e-05,5.3406070278638815e-05,-2.0416179860855006e-05
20.168260504201683,5.2987242631610197e-05,-1.9189360688927048e-05,5.274416758563691e-05,-1.9105114845727425e-05,5.306553468193168e-05,-2.0169161279935597e-05
20.17826410564226,5.266922430636088e-05,-1.9073426628979867e-05,5.245568970057316e-05,-1.8999974590011956e-05,5.2724999085224537e-05,-1.9922142699016184e-05
20.188267707082836,5.235311544880248e-05,-1.8958193431936766e-05,5.225333897772247e-05,-1.8926249055009304e-05,5.23844634885174e-05,-1.9675124118096772e-05
20.19827130852341,5.203890459649017e-05,-1.8843656853421666e-05,5.2050988254871835e-05,-1.8852523520006678e-05,5.204392789181038e-05,-1.942810553717745e-05
20.208274909963986,5.1726580355903585e-05,-1.8729812674823927e-05,5.1660269416112626e-05,-1.8710121029195884e-05,5.1703392295103245e-05,-1.918108695625804e-05
20.218278511404563,5.141613140204253e-05,-1.8616656703145272e-05,5.123614807562666e-05,-1.8555540351413768e-05,5.13628566983961e-05,-1.893406837533863e-05
20.22828211284514,5.110754647802273e-05,-1.8504184770846858e-05,5.082988617270896e-05,-1.84074721972076e-05,5.102232110168897e-05,-1.8687049794419218e-05
20.238285714285716,5.080081439467379e-05,-1.8392392735697102e-05,5.064172985279293e-05,-1.8338937216759823e-05,5.0681785504981824e-05,-1.8440031213499805e-05
20.248289315726293,5.049592403013822e-05,-1.828127648061999e-05,5.045357353287691e-05,-1.8270402236312047e-05,5.034124990827469e-05,-1.8193012632580397e-05
20.25829291716687,5.0192864329472154e-05,-1.8170831913544e-05,5.0196047188842154e-05,-1.8176581628041174e-05,5.0000714311567546e-05,-1.7945994051660984e-05
20.268296518607446,4.9891624304247324e-05,-1.8061054967251578e-05,4.9778181916791544e-05,-1.8024316893350156e-05,4.966017871486041e-05,-1.7698975470741575e-05
20.278300120048023,4.959219303215471e-05,-1.795194159922918e-05,4.936031664474093e-05,-1.787205215865914e-05,4.931964311815327e-05,-1.7451956889822163e-05
20.288303721488596,4.9294559656609677e-05,-1.7843487791517985e-05,4.907119434215613e-05,-1.77667221665505e-05,4.8979107521446255e-05,-1.720493830890284e-05
20.298307322929173,4.899871338635831e-05,-1.7735689550564992e-05,4.889702425280036e-05,-1.7703299336903358e-05,4.863857192473911e-05,-1.695791972798343e-05
20.30831092436975,4.870464349508611e-05,-1.7628542907075115e-05,4.8722854163444584e-05,-1.7639876507256215e-05,4.829803632803198e-05,-1.6710901147064017e-05
20.318314525810326,4.841233932102754e-05,-1.7522043915863505e-05,4.836915956238346e-05,-1.7511031626254623e-05,4.7957500731324834e-05,-1.6463882566144605e-05
20.328318127250903,4.812179026657744e-05,-1.7416188655708728e-05,4.795708238002704e-05,-1.7360911053173864e-05,4.76169651346177e-05,-1.6216863985225196e-05
20.33832172869148,4.783298579790416e-05,-1.7310973229206472e-05,4.754500519767061e-05,-1.7210790480093105e-05,4.7276429537910556e-05,-1.5969845404305784e-05
20.348325330132056,4.7545915444564276e-05,-1.720639376262399e-05,4.7379822187802156e-05,-1.7150655305051345e-05,4.693589394120342e-05,-1.572282682338637e-05
20.358328931572633,4.726056879911901e-05,-1.710244640575509e-05,4.721944581078513e-05,-1.7092272001129118e-05,4.659535834449628e-05,-1.5475808242466963e-05
20.368332533013206,4.6976935516752477e-05,-1.699912733177593e-05,4.700801882532743e-05,-1.7015289246894203e-05,4.627549185335587e-05,-1.5281922780255354e-05
20.378336134453782,4.669500531489114e-05,-1.6896432737101214e-05,4.660126816086204e-05,-1.6867143519806248e-05,4.6048088460462246e-05,-1.532572795053888e-05
20.38833973589436,4.641476797282605e-05,-1.6794358841241493e-05,4.6194517496396665e-05,-1.6718997792718297e-05,4.582068506756863e-05,-1.5369533120822405e-05
20.398343337334936,4.6136213331335887e-05,-1.6692901886660737e-05,4.590047593350177e-05,-1.6611920802674137e-05,4.5593281674675015e-05,-1.541333829110593e-05
20.408346938775512,4.5859331292312196e-05,-1.6592058138634823e-05,4.57537161914197e-05,-1.655851009411045e-05,4.536587828178139e-05,-1.5457143461389457e-05
20.41835054021609,4.558411181838655e-05,-1.6491823885110703e-05,4.5606956449337635e-05,-1.6505099385546768e-05,4.5138474888887776e-05,-1.550094863167298e-05
20.428354141656666,4.5310544932559354e-05,-1.6392195436566217e-05,4.529186443696339e-05,-1.6390373830417255e-05,4.491107149599416e-05,-1.554475380195651e-05
20.438357743097242,4.50386207178307e-05,-1.6293169125870706e-05,4.4889984609082915e-05,-1.624403590778203e-05,4.468366810310054e-05,-1.5588558972240033e-05
20.448361344537815,4.476832931683311e-05,-1.6194741308146342e-05,4.4488104781202586e-05,-1.6097697985146855e-05,4.4456264710207004e-05,-1.5632364142523544e-05
20.458364945978392,4.4499660931465734e-05,-1.609690836063004e-05,4.432421452592504e-05,-1.6038056708198248e-05,4.422886131731339e-05,-1.5676169312807068e-05
20.46836854741897,4.423260582253155e-05,-1.5999666682536478e-05,4.4190909586126744e-05,-1.5989557281837114e-05,4.4001457924419766e-05,-1.5719974483090592e-05
20.478372148859545,4.396715430937545e-05,-1.590301269492148e-05,4.402790732584002e-05,-1.5930243144392544e-05,4.377405453152615e-05,-1.576377965337412e-05
20.488375750300122,4.370329676952489e-05,-1.580694284054639e-05,4.3630448033822696e-05,-1.5785548069612743e-05,4.3546651138632534e-05,-1.5807584823657644e-05
20.4983793517407,4.34410236383324e-05,-1.571145358374316e-05,4.323298874180538e-05,-1.5640852994832943e-05,4.331924774573891e-05,-1.5851389993941168e-05
20.508382953181275,4.318032540862022e-05,-1.561654141028022e-05,4.292951380324816e-05,-1.553038680547293e-05,4.3091844352845296e-05,-1.5895195164224696e-05
20.518386554621852,4.292119263032688e-05,-1.552220282722913e-05,4.280951689882208e-05,-1.548674289424871e-05,4.2864440959951674e-05,-1.593900033450822e-05
20.52839015606243,4.2663615910156035e-05,-1.5428434362832064e-05,4.2689519994396e-05,-1.5443098983024486e-05,4.263703756705806e-05,-1.5982805504791747e-05
20.538393757503002,4.240758591122731e-05,-1.5335232566370087e-05,4.241499391469342e-05,-1.534319401809128e-05,4.2409634174164524e-05,-1.6026610675075255e-05
20.54839735894358,4.2153093352729e-05,-1.5242594008032131e-05,4.202150973444748e-05,-1.5199978732813637e-05,4.21822307812709e-05,-1.6070415845358782e-05
20.558400960384155,4.190012900957374e-05,-1.5150515278785092e-05,4.1628025554201545e-05,-1.5056763447535995e-05,4.1954827388377285e-05,-1.6114221015642306e-05
20.56840456182473,4.164868371205549e-05,-1.5058992990244432e-05,4.146138864041231e-05,-1.4996145184438016e-05,4.172742399548367e-05,-1.615802618592583e-05
20.57840816326531,4.139874834550916e-05,-1.4968023774545827e-05,4.135456790802753e-05,-1.4957306502550507e-05,4.150002060259005e-05,-1.6201831356209358e-05
20.588411764705885,4.1150313849972416e-05,-1.4877604284217568e-05,4.124275257355818e-05,-1.491664980202678e-05,4.127261720969643e-05,-1.6245636526492882e-05
20.59841536614646,4.0903371219849644e-05,-1.4787731192053881e-05,4.085280245906217e-05,-1.477475296166645e-05,4.1045213816802816e-05,-1.628944169677641e-05
20.60841896758704,4.0657911503578366e-05,-1.4698401190989081e-05,4.046285234456616e-05,-1.4632856121306117e-05,4.0817810423909193e-05,-1.6333246867059934e-05
20.61842256902761,4.041392580329784e-05,-1.4609610993972637e-05,4.014515587744523e-05,-1.4517261055003354e-05,4.058924135532563e-05,-1.6368440047520273e-05
20.628426170468188,4.0171405274519726e-05,-1.4521357333844997e-05,4.0051394211866993e-05,-1.4483182739311488e-05,4.032561986847077e-05,-1.6144666628597684e-05
20.638429771908765,3.993034112580185e-05,-1.4433636963214548e-05,3.9957632546288755e-05,-1.4449104423619621e-05,4.006199838161591e-05,-1.5920893209675098e-05
20.64843337334934,3.969072461842356e-05,-1.4346446654335254e-05,3.972604487523907e-05,-1.4364869400035372e-05,3.979837689476104e-05,-1.569711979075251e-05
20.658436974789918,3.945254706606385e-05,-1.425978319898529e-05,3.933919166481916e-05,-1.4224131191313402e-05,3.953475540790618e-05,-1.547334637182992e-05
20.668440576230495,3.9215799834481846e-05,-1.417364340834661e-05,3.895233845439925e-05,-1.408339298259143e-05,3.9271133921051315e-05,-1.5249572952907331e-05
20.67844417767107,3.8980474341199704e-05,-1.4088024112885414e-05,3.877866403535442e-05,-1.402023739693491e-05,3.900751243419645e-05,-1.5025799533984744e-05
20.688447779111648,3.874656205518809e-05,-1.400292216223356e-05,3.869785896047299e-05,-1.3990879954499345e-05,3.874389094734159e-05,-1.4802026115062156e-05
20.69845138055222,3.851405449655405e-05,-1.3918334425070962e-05,3.8617053885591586e-05,-1.3961522512063789e-05,3.848026946048682e-05,-1.4578252696139646e-05
20.708454981992798,3.8282943236231136e-05,-1.3834257789008771e-05,3.8256267752919636e-05,-1.3830299530573386e-05,3.821664797363196e-05,-1.4354479277217059e-05
20.718458583433375,3.8053219895672834e-05,-1.3750689160473843e-05,3.787207767981183e-05,-1.3690561490859688e-05,3.7953026486777094e-05,-1.4130705858294471e-05
20.72846218487395,3.782487614654772e-05,-1.3667625464593846e-05,3.753506045287806e-05,-1.3567987055311362e-05,3.768940499992223e-05,-1.3906932439371882e-05
20.738465786314528,3.759790371043763e-05,-1.3585063645083537e-05,3.74671240091087e-05,-1.3543316317023587e-05,3.742578351306737e-05,-1.3683159020449294e-05
20.748469387755105,3.7372294358538406e-05,-1.3503000664131957e-05,3.739918756533933e-05,-1.3518645578735811e-05,3.71621620262125e-05,-1.3459385601526706e-05
20.75847298919568,3.714803991136316e-05,-1.3421433502290646e-05,3.721334691195332e-05,-1.3451087500512546e-05,3.6898540539357637e-05,-1.3235612182604117e-05
20.768476590636258,3.6925132238448297e-05,-1.3340359158362863e-05,3.683138911860267e-05,-1.33121923387688e-05,3.663491905250278e-05,-1.301183876368153e-05
20.778480192076834,3.670356325806218e-05,-1.3259774649293797e-05,3.644943132525202e-05,-1.3173297177025053e-05,3.637129756564791e-05,-1.2788065344758942e-05
20.788483793517408,3.6483324936916596e-05,-1.3179677010061866e-05,3.626414177391161e-05,-1.3105941750081837e-05,3.610767607879314e-05,-1.2564291925836434e-05
20.798487394957984,3.626440928988051e-05,-1.3100063293570866e-05,3.620900042184135e-05,-1.3085928830324243e-05,3.584405459193828e-05,-1.2340518506913844e-05
20.80849099639856,3.604680837969741e-05,-1.302093057054348e-05,3.6153859069771094e-05,-1.3065915910566646e-05,3.5580433105083415e-05,-1.2116745087991257e-05
20.818494597839138,3.583051431670461e-05,-1.2942275929415512e-05,3.582958328004017e-05,-1.2948028251378772e-05,3.5316811618228556e-05,-1.1892971669068669e-05
20.828498199279714,3.561551925855578e-05,-1.2864096476231363e-05,3.544942933559443e-05,-1.2809819670498024e-05,3.505319013137369e-05,-1.166919825014608e-05
20.83850180072029,3.540181540994616e-05,-1.2786389334540496e-05,3.5087641486411446e-05,-1.2678290333798879e-05,3.4789568644518824e-05,-1.1445424831223492e-05
20.848505402160868,3.518939502234065e-05,-1.2709151645295027e-05,3.5045236026586826e-05,-1.2662911596087094e-05,3.4525947157663964e-05,-1.1221651412300904e-05
20.858509003601444,3.497825039370483e-05,-1.2632380566748344e-05,3.5002830566762205e-05,-1.264753285837531e-05,3.42623256708091e-05,-1.0997877993378315e-05
20.868512605042017,3.476837386823882e-05,-1.2556073274354893e-05,3.486601173089986e-05,-1.2597827044301926e-05,3.4045050728280236e-05,-1.0904956265426545e-05
20.878516206482594,3.455975783611381e-05,-1.2480226960670897e-05,3.448723515135666e-05,-1.2460149564642781e-05,3.388728076024087e-05,-1.0980036848032717e-05
20.88851980792317,3.435239473321218e-05,-1.2404838835256461e-05,3.410845857181347e-05,-1.2322472084983637e-05,3.37295107922015e-05,-1.105511743063889e-05
20.898523409363747,3.414627704086991e-05,-1.232990612457853e-05,3.390665169489315e-05,-1.2249138524447181e-05,3.357174082416213e-05,-1.1130198013245063e-05
20.908527010804324,3.3941397285622287e-05,-1.22554260719151e-05,3.387693720366091e-05,-1.2238375553012864e-05,3.341397085612276e-05,-1.1205278595851235e-05
20.9185306122449,3.3737748038952625e-05,-1.2181395937260545e-05,3.384722271242866e-05,-1.2227612581578547e-05,3.325620088808339e-05,-1.1280359178457408e-05
20.928534213685477,3.3535321917043955e-05,-1.2107812997232062e-05,3.356224266978446e-05,-1.2124060322049447e-05,3.309843092004402e-05,-1.135543976106358e-05
20.938537815126054,3.333411158053377e-05,-1.2034674544977313e-05,3.3184418440255616e-05,-1.1986759105964662e-05,3.294066095200465e-05,-1.1430520343669752e-05
20.948541416566627,3.313410973427199e-05,-1.19619778900832e-05,3.2806594210726905e-05,-1.1849457889879926e-05,3.278289098396534e-05,-1.1505600926275899e-05
20.958545018007204,3.293530912708159e-05,-1.1889720358485716e-05,3.2774962939140536e-05,-1.1837998672284313e-05,3.2625121015925965e-05,-1.158068150888207e-05
20.96854861944778,3.2737702551523164e-05,-1.1817899292381218e-05,3.27579087204713e-05,-1.1831838249563323e-05,3.24673510478866e-05,-1.1655762091488244e-05
20.978552220888357,3.254128284366185e-05,-1.1746512050138616e-05,3.2673886020861385e-05,-1.1801340166081124e-05,3.230958107984723e-05,-1.1730842674094416e-05
20.988555822328934,3.234604288283783e-05,-1.1675556006212922e-05,3.2296590119420036e-05,-1.1664260843241733e-05,3.215181111180786e-05,-1.180592325670059e-05
20.99855942376951,3.2151975591439906e-05,-1.160502855105992e-05,3.1919294217978686e-05,-1.1527181520402342e-05,3.1994041143768486e-05,-1.1881003839306762e-05
21.008563025210087,3.1959073934682395e-05,-1.1534927091052102e-05,3.1695702783523265e-05,-1.1445961219758356e-05,3.183627117572912e-05,-1.1956084421912934e-05
21.018566626650664,3.176733092038521e-05,-1.1465249048395787e-05,3.169129233676621e-05,-1.1444395309755962e-05,3.167850120768975e-05,-1.2031165004519107e-05
21.028570228091237,3.157673959875725e-05,-1.1395991861049509e-05,3.168688189000917e-05,-1.1442829399753567e-05,3.152073123965044e-05,-1.2106245587125254e-05
21.038573829531813,3.1387293062182794e-05,-1.132715298264352e-05,3.144444838257421e-05,-1.1354780521417347e-05,3.1362961271611067e-05,-1.2181326169731426e-05
21.04857743097239,3.1198984445011914e-05,-1.1258729882400764e-05,3.1067257305151055e-05,-1.1217769014733933e-05,3.1205191303571695e-05,-1.2256406752337598e-05
21.058581032412967,3.101180692335348e-05,-1.1190720045058896e-05,3.0690066227727904e-05,-1.1080757508050519e-05,3.104742133553232e-05,-1.2331487334943771e-05
21.068584633853543,3.082575371285076e-05,-1.1123120970046848e-05,3.064619248118756e-05,-1.1064851778034833e-05,3.088965136749296e-05,-1.2406567917549943e-05
21.07858823529412,3.064081802533125e-05,-1.1055930155466291e-05,3.065442348472172e-05,-1.1067877515546314e-05,3.0731881399453587e-05,-1.2481648500156117e-05
21.088591836734697,3.0456993144165835e-05,-1.0989145125935042e-05,3.0627507590555515e-05,-1.1058135862757747e-05,3.0574111431414215e-05,-1.2556729082762289e-05
21.098595438175273,3.0274272413362997e-05,-1.0922763428554243e-05,3.024999787635274e-05,-1.0921038214701786e-05,3.0416341463374847e-05,-1.263180966536846e-05
21.10859903961585,3.009264921621897e-05,-1.0856782625018e-05,2.987248816214997e-05,-1.0783940566645826e-05,3.023671871393526e-05,-1.258813150918518e-05
21.118602641056423,2.9912116975117314e-05,-1.0791200291537859e-05,2.962143647586605e-05,-1.0692779020744787e-05,3.0026485408014937e-05,-1.2378100566382894e-05
21.128606242497,2.973266915132839e-05,-1.0726014018767216e-05,2.9642320786631814e-05,-1.0700398706416411e-05,2.981625210209454e-05,-1.2168069623580534e-05
21.138609843937576,2.9554299244809635e-05,-1.0661221411726071e-05,2.966320509739758e-05,-1.0708018392088035e-05,2.9606018796174145e-05,-1.1958038680778174e-05
21.148613445378153,2.937700079400543e-05,-1.0596820089725637e-05,2.9467069429935208e-05,-1.0636821266149131e-05,2.939578549025375e-05,-1.1748007737975815e-05
21.15861704681873,2.9200767375647507e-05,-1.053280768629314e-05,2.9088817186827267e-05,-1.0499483465277887e-05,2.9185552184333356e-05,-1.1537976795173455e-05
21.168620648259306,2.902559260455549e-05,-1.0469181849096722e-05,2.8710564943719326e-05,-1.036214566440664e-05,2.897531887841296e-05,-1.1327945852371095e-05
21.178624249699883,2.885147013343767e-05,-1.0405940239870414e-05,2.8649422394036848e-05,-1.0339972373229072e-05,2.8765085572492563e-05,-1.1117914909568735e-05
21.18862785114046,2.8678393652692077e-05,-1.0343080534339243e-05,2.8682986062948993e-05,-1.0352193474451104e-05,2.8554852266572167e-05,-1.0907883966766377e-05
21.198631452581033,2.8506356890207858e-05,-1.028060042214446e-05,2.8716549731861125e-05,-1.036441457567313e-05,2.834461896065185e-05,-1.0697853023964091e-05
21.20863505402161,2.8335353611166575e-05,-1.0218497606768754e-05,2.8338645013198237e-05,-1.0227232422527166e-05,2.8134385654731452e-05,-1.0487822081161731e-05
21.218638655462186,2.816537761784445e-05,-1.015676980546183e-05,2.7959225442587278e-05,-1.0089500230015455e-05,2.7924152348811056e-05,-1.0277791138359371e-05
21.228642256902763,2.7996422749414276e-05,-1.0095414749165893e-05,2.7674582689039688e-05,-9.986180305701742e-06,2.771391904289066e-05,-1.0067760195557012e-05
21.23864585834334,2.782848288174789e-05,-1.0034430182441314e-05,2.7720865992300987e-05,-1.0003015463331754e-05,2.7503685736970263e-05,-9.857729252754652e-06
21.248649459783916,2.7661551927219007e-05,-9.973813863392475e-06,2.7767149295562282e-05,-1.0019850620961767e-05,2.729345243104987e-05,-9.647698309952292e-06
21.258653061224493,2.7495623834506242e-05,-9.913563563593692e-06,2.7621602066031872e-05,-9.9670477958165e-06,2.7083219125129474e-05,-9.437667367149932e-06
21.26865666266507,2.733069258839659e-05,-9.853677068015298e-06,2.7240588986626205e-05,-9.82876657179933e-06,2.6872985819209078e-05,-9.227636424347572e-06
21.278660264105643,2.7166752209589234e-05,-9.794152174949895e-06,2.6859575907220674e-05,-9.69048534778221e-06,2.6662752513288756e-05,-9.017605481545287e-06
21.28866386554622,2.700379675449943e-05,-9.734986695938618e-06,2.6775717998982308e-05,-9.660073240004895e-06,2.645251920736836e-05,-8.807574538742928e-06
21.298667466986796,2.684182031506339e-05,-9.676178455697785e-06,2.6834775485334538e-05,-9.68154028092622e-06,2.6242285901447967e-05,-8.597543595940568e-06
21.308671068427373,2.6680817018542897e-05,-9.61772529204548e-06,2.6893832971686765e-05,-9.703007321847545e-06,2.603205259552757e-05,-8.387512653138208e-06
21.31867466986795,2.6520781027330643e-05,-9.55962505582839e-06,2.6554322967134248e-05,-9.579818639432653e-06,2.5821819289607174e-05,-8.177481710335849e-06
21.328678271308526,2.63617065387559e-05,-9.501875610848789e-06,2.6171288337117065e-05,-9.440833168962524e-06,2.5611585983686778e-05,-7.967450767533489e-06
21.338681872749103,2.6203587784890577e-05,-9.444474833791679e-06,2.5846418381080597e-05,-9.322957122302626e-06,2.540135267776638e-05,-7.757419824731129e-06
21.34868547418968,2.6046419032355754e-05,-9.387420614152113e-06,2.591831893504774e-05,-9.349079077829496e-06,2.5292625508017884e-05,-7.853053946601834e-06
21.358689075630256,2.5890194582128582e-05,-9.330710854162682e-06,2.599021948901488e-05,-9.375201033356367e-06,2.5185473807000277e-05,-7.953432271824972e-06
21.36869267707083,2.573490876934975e-05,-9.27434346872118e-06,2.5900133281734884e-05,-9.34254442033104e-06,2.507832210598271e-05,-8.053810597048074e-06
21.378696278511406,2.5580555963131055e-05,-9.218316385318383e-06,2.5514646718787125e-05,-9.20269873875294e-06,2.4971170404965104e-05,-8.154188922271212e-06
21.388699879951982,2.5427130566364065e-05,-9.162627543966178e-06,2.5129160155839365e-05,-9.06285305717484e-06,2.48640187039475e-05,-8.25456724749435e-06
21.39870348139256,2.527462701552865e-05,-9.107274897125712e-06,2.5016672206712073e-05,-9.022063508620884e-06,2.4756867002929894e-05,-8.354945572717489e-06
21.408707082833136,2.51230397805023e-05,-9.0522564096358e-06,2.510149912790826e-05,-9.052868638768332e-06,2.4649715301912287e-05,-8.455323897940627e-06
21.418710684273712,2.497236336436991e-05,-8.997570058641534e-06,2.5186326049104452e-05,-9.08367376891578e-06,2.4542563600894683e-05,-8.555702223163765e-06
21.42871428571429,2.482259230323398e-05,-8.943213833523068e-06,2.488939283587953e-05,-8.975983218251397e-06,2.4435411899877076e-05,-8.656080548386903e-06
21.438717887154866,2.4673721166025476e-05,-8.889185735824635e-06,2.4501021134520073e-05,-8.835120435798593e-06,2.432826019885947e-05,-8.756458873610041e-06
21.44872148859544,2.452574455431514e-05,-8.835483779183757e-06,2.4128728455174342e-05,-8.700090559504406e-06,2.4221108497841903e-05,-8.856837198833143e-06
21.458725090036015,2.4378657102125163e-05,-8.782105989260603e-06,2.4226579553767205e-05,-8.735612383147714e-06,2.4113956796824296e-05,-8.957215524056281e-06
21.468728691476592,2.4232453475741906e-05,-8.729050403667716e-06,2.432443065236007e-05,-8.771134206791023e-06,2.4006805095806693e-05,-9.05759384927942e-06
21.47873229291717,2.408712837352865e-05,-8.676315071899809e-06,2.42953069447889e-05,-8.760601768901444e-06,2.3899653394789086e-05,-9.157972174502558e-06
21.488735894357745,2.394267652573918e-05,-8.623898055263845e-06,2.3903613590491152e-05,-8.618563894313962e-06,2.379250169377148e-05,-9.258350499725696e-06
21.498739495798322,2.3799092694331943e-05,-8.571797426809343e-06,2.3511920236193405e-05,-8.47652601972648e-06,2.3685349992753876e-05,-9.358728824948834e-06
21.5087430972389,2.3656371672784765e-05,-8.520011271258903e-06,2.3364367784005242e-05,-8.423034545727915e-06,2.357819829173627e-05,-9.459107150171972e-06
21.518746698679475,2.351450828591013e-05,-8.46853768493898e-06,2.3475355492443186e-05,-8.463311876683004e-06,2.3471046590718662e-05,-9.55948547539511e-06
21.52875030012005,2.3373497389671227e-05,-8.417374775710888e-06,2.3586343200881093e-05,-8.503589207638078e-06,2.3363894889701096e-05,-9.659863800618213e-06
21.538753901560625,2.3233333870998315e-05,-8.366520662901998e-06,2.333675274732918e-05,-8.413111409394125e-06,2.325674318868349e-05,-9.76024212584135e-06
21.5487575030012,2.3094012647606198e-05,-8.315973477237311e-06,2.2941297426869804e-05,-8.269739172360994e-06,2.3149591487665885e-05,-9.860620451064489e-06
21.55876110444178,2.2955528667811916e-05,-8.265731360771145e-06,2.2545842106410433e-05,-8.126366935327866e-06,2.3042439786648278e-05,-9.960998776287627e-06
21.568764705882355,2.281787691035329e-05,-8.215792466819136e-06,2.2638020334128816e-05,-8.15981393744084e-06,2.2924793778359387e-05,-1.0013249406960152e-05
21.57876830732293,2.2681052384208118e-05,-8.166154959890493e-06,2.2762271835259343e-05,-8.204890926503753e-06,2.2751410942661206e-05,-9.8098866907552e-06
21.58877190876351,2.254505012841406e-05,-8.116817015620516e-06,2.2800292441500376e-05,-8.218704984290324e-06,2.2578028106963025e-05,-9.606523974550246e-06
21.598775510204085,2.2409865211889156e-05,-8.067776820703362e-06,2.2400630548991583e-05,-8.07383765651538e-06,2.2404645271264848e-05,-9.403161258345291e-06
21.608779111644658,2.227549273325319e-05,-8.019032572825133e-06,2.2000968656482932e-05,-7.928970328740486e-06,2.2231262435566728e-05,-9.19979854214041e-06
21.618782713085235,2.2141927820649425e-05,-7.970582480597096e-06,2.181134170832731e-05,-7.860246640171083e-06,2.2057879599868547e-05,-8.996435825935455e-06
21.62878631452581,2.2009165631567644e-05,-7.922424763489411e-06,2.1948999080051546e-05,-7.91017282316143e-06,2.188449676417037e-05,-8.793073109730503e-06
21.638789915966388,2.1877201352667332e-05,-7.874557651764932e-06,2.2086656451775786e-05,-7.960099006151778e-06,2.171111392847219e-05,-8.589710393525548e-06
21.648793517406965,2.1746030199601976e-05,-7.826979386413384e-06,2.1889807645357246e-05,-7.888775990809825e-06,2.1537731092774008e-05,-8.386347677320594e-06
21.65879711884754,2.1615647416843936e-05,-7.779688219085819e-06,2.148548978340917e-05,-7.742251205499436e-06,2.1364348257075827e-05,-8.18298496111564e-06
21.668800720288118,2.1486048277510225e-05,-7.732682412029366e-06,2.1081171921461097e-05,-7.595726420189046e-06,2.119096542137765e-05,-7.979622244910687e-06
21.678804321728695,2.135722808318891e-05,-7.685960238022258e-06,2.114545190778827e-05,-7.619045180228787e-06,2.101758258567947e-05,-7.776259528705733e-06
21.68880792316927,2.1229182163766472e-05,-7.639519980309196e-06,2.1296672284415296e-05,-7.67387553208868e-06,2.0844199749981288e-05,-7.572896812500778e-06
21.698811524609845,2.110190587725585e-05,-7.593359932536995e-06,2.1408755686605172e-05,-7.71452281051689e-06,2.067081691428317e-05,-7.369534096295897e-06
21.70881512605042,2.0975394609625214e-05,-7.547478398690475e-06,2.099932716205947e-05,-7.5661763800862914e-06,2.049743407858499e-05,-7.166171380090943e-06
21.718818727490998,2.0849643774627892e-05,-7.5018736930288325e-06,2.058989863751377e-05,-7.417829949655693e-06,2.032405124288681e-05,-6.962808663885989e-06
21.728822328931575,2.0724648813632754e-05,-7.456544140022156e-06,2.0350551449811538e-05,-7.331116424981668e-06,2.015066840718863e-05,-6.759445947681036e-06
21.73882593037215,2.0600405195455625e-05,-7.411488074288341e-06,2.051550720029528e-05,-7.390911419988758e-06,1.997728557149045e-05,-6.556083231476081e-06
21.748829531812728,2.047690841619154e-05,-7.366703840530323e-06,2.068046295077902e-05,-7.4507064149958484e-06,1.980390273579227e-05,-6.352720515271127e-06
21.758833133253304,2.0354153999047826e-05,-7.322189793473627e-06,2.0542441363595165e-05,-7.400726760618899e-06,1.963051990009409e-05,-6.1493577990661735e-06
21.76883673469388,2.023213749417811e-05,-7.277944297804255e-06,2.0127441677264602e-05,-7.2503924924119e-06,1.945713706439591e-05,-5.94599508286122e-06
21.778840336134454,2.0110854478517167e-05,-7.233965728106924e-06,1.971244199093419e-05,-7.100058224204954e-06,1.9283754228697792e-05,-5.742632366656338e-06
21.78884393757503,1.9990300555616585e-05,-7.190252468803563e-06,1.9742090506483115e-05,-7.1108182970359374e-06,1.911037139299961e-05,-5.539269650451384e-06
21.798847539015608,1.9870471355481635e-05,-7.146802914092316e-06,1.9920969429743074e-05,-7.1756439751958615e-06,1.9035883012379843e-05,-5.646186765525859e-06
21.808851140456184,1.975136253440869e-05,-7.103615467886723e-06,2.0099848353003036e-05,-7.2404696533557855e-06,1.896623068268071e-05,-5.768276915959325e-06
21.81885474189676,1.963296977482384e-05,-7.060688543755342e-06,1.96937947084901e-05,-7.0934070361035255e-06,1.8896578352981575e-05,-5.8903670663927905e-06
21.828858343337338,1.9515288785122276e-05,-7.018020564861712e-06,1.927275703833241e-05,-6.9409165459182075e-06,1.882692602328244e-05,-6.012457216826256e-06
21.838861944777914,1.939831529950874e-05,-6.975609963904665e-06,1.897534302826736e-05,-6.833204977461362e-06,1.8757273693583307e-05,-6.134547367259722e-06
21.84886554621849,1.92820450778389e-05,-6.933455183058994e-06,1.9168348565813494e-05,-6.903133017151845e-06,1.8687621363884173e-05,-6.256637517693188e-06
21.858869147659064,1.916647390546172e-05,-6.891554673916543e-06,1.936135410335956e-05,-6.9730610568423035e-06,1.8617969034185063e-05,-6.378727668126611e-06
21.86887274909964,1.9051597593062618e-05,-6.849906897427532e-06,1.9288990869325473e-05,-6.946880846590117e-06,1.854831670448593e-05,-6.5008178185600765e-06
21.878876350540217,1.893741197650805e-05,-6.808510323842459e-06,1.886144154647215e-05,-6.792063369800789e-06,1.847866437478679e-05,-6.622907968993542e-06
21.888879951980794,1.8823912916690674e-05,-6.767363432654205e-06,1.8433892223618824e-05,-6.637245893011462e-06,1.8409012045087658e-05,-6.744998119427009e-06
21.89888355342137,1.8711096299375718e-05,-6.726464712540592e-06,1.84215271236625e-05,-6.6327847360769664e-06,1.8339359715388524e-05,-6.867088269860475e-06
21.908887154861947,1.8598958035048358e-05,-6.685812661307335e-06,1.862887858976447e-05,-6.707892533023124e-06,1.826970738568939e-05,-6.989178420293941e-06
21.918890756302524,1.8487494058762124e-05,-6.645405785831361e-06,1.8836230055866444e-05,-6.78300032996928e-06,1.8200055055990256e-05,-7.111268570727407e-06
21.9288943577431,1.8376700329988376e-05,-6.605242602004537e-06,1.84785613654135e-05,-6.653517880435776e-06,1.8130402726291122e-05,-7.2333587211608725e-06
21.938897959183677,1.8266572832466775e-05,-6.565321634677779e-06,1.8044019342466243e-05,-6.496200080498811e-06,1.8060750396591988e-05,-7.355448871594338e-06
21.94890156062425,1.815710757405696e-05,-6.525641417605606e-06,1.7679420700324723e-05,-6.3642065422329936e-06,1.7991098066892878e-05,-7.477539022027761e-06
21.958905162064827,1.8048300586591015e-05,-6.486200493390997e-06,1.7901353529984997e-05,-6.4445772949002445e-06,1.7921445737193744e-05,-7.599629172461227e-06
21.968908763505404,1.7940147925727488e-05,-6.446997413430817e-06,1.812328635964527e-05,-6.5249480475674955e-06,1.7851793407494606e-05,-7.721719322894693e-06
21.97891236494598,1.7832645670806078e-05,-6.408030737861512e-06,1.812422256946427e-05,-6.525313790430172e-06,1.7782141077795473e-05,-7.84380947332816e-06
21.988915966386557,1.7725789924703665e-05,-6.3692990355052926e-06,1.7682198880463087e-05,-6.36531956455851e-06,1.771248874809634e-05,-7.965899623761625e-06
21.998919567827134,1.7619576813691383e-05,-6.3308008838167205e-06,1.7240175191461904e-05,-6.205325338686847e-06,1.7642836418397205e-05,-8.087989774195091e-06
22.00892316926771,1.7514002487292885e-05,-6.292534868829727e-06,1.717769824346074e-05,-6.182724323695315e-06,1.754290960725635e-05,-8.085303219072046e-06
22.018926770708287,1.740906311814369e-05,-6.254499585105048e-06,1.741446425847073e-05,-6.2684471251935815e-06,1.739456531065522e-05,-7.883063309461564e-06
22.02893037214886,1.7304754901851773e-05,-6.216693635678125e-06,1.7651230273480637e-05,-6.354169926691818e-06,1.7246221014054145e-05,-7.680823399851153e-06
22.038933973589437,1.7201074056859105e-05,-6.179115632007362e-06,1.7348569388673947e-05,-6.2446498706325915e-06,1.7097876717453016e-05,-7.478583490240671e-06
22.048937575030013,1.709801682430478e-05,-6.141764193922954e-06,1.689856660013149e-05,-6.081800152420609e-06,1.6949532420851886e-05,-7.2763435806301885e-06
22.05894117647059,1.699557946788891e-05,-6.1046379495760395e-06,1.645681813862966e-05,-5.9219378248448976e-06,1.680118812425076e-05,-7.074103671019706e-06
22.068944777911167,1.689375827373793e-05,-6.067735535388358e-06,1.6708685832009175e-05,-6.0131077614453095e-06,1.665284382764963e-05,-6.871863761409223e-06
22.078948379351743,1.6792549550271098e-05,-6.031055596002351e-06,1.696055352538869e-05,-6.104277698045721e-06,1.65044995310485e-05,-6.669623851798741e-06
22.08895198079232,1.6691949628068184e-05,-5.994596784231719e-06,1.7043310579989138e-05,-6.134251368466965e-06,1.635615523444737e-05,-6.467383942188258e-06
22.098955582232897,1.6591954859738388e-05,-5.958357761012437e-06,1.6584822232375918e-05,-5.968363927244067e-06,1.6207810937846245e-05,-6.265144032577776e-06
22.10895918367347,1.6492561619790577e-05,-5.922337195354248e-06,1.612633388476286e-05,-5.80247648602123e-06,1.6059466641245166e-05,-6.0629041229673645e-06
22.118962785114046,1.639376630450455e-05,-5.886533764292563e-06,1.6004858003349695e-05,-5.758534927860262e-06,1.591112234464404e-05,-5.860664213356882e-06
22.128966386554623,1.6295565331803952e-05,-5.850946152840954e-06,1.6272112842489668e-05,-5.855253184232722e-06,1.576277804804291e-05,-5.6584243037464e-06
22.1389699879952,1.619795514113011e-05,-5.815573053944007e-06,1.6539367681629638e-05,-5.951971440605183e-06,1.561443375144178e-05,-5.456184394135918e-06
22.148973589435776,1.6100932193317297e-05,-5.780413168430704e-06,1.6299154191634352e-05,-5.8650887944066256e-06,1.5466089454840654e-05,-5.2539444845254355e-06
22.158977190876353,1.6004492970469314e-05,-5.7454652049682864e-06,1.583166423068826e-05,-5.695978031094179e-06,1.5317745158239524e-05,-5.051704574914952e-06
22.16898079231693,1.5908633975837323e-05,-5.710727880016601e-06,1.536417426974217e-05,-5.526867267781733e-06,1.5169400861638395e-05,-4.84946466530447e-06
22.178984393757506,1.5813351733699044e-05,-5.676199917782942e-06,1.5584815720036028e-05,-5.60670177727161e-06,1.5021056565037267e-05,-4.647224755693987e-06
22.18898799519808,1.571864278923927e-05,-5.641880050177395e-06,1.586776046888595e-05,-5.709075748559306e-06,1.487271226843619e-05,-4.444984846083577e-06
22.198991596638656,1.562450370843162e-05,-5.607767016768627e-06,1.6041816869144813e-05,-5.772062113753055e-06,1.4724367971835062e-05,-4.242744936473095e-06
22.208995198079233,1.5530931077921894e-05,-5.573859564740285e-06,1.5564799066368214e-05,-5.599538852995908e-06,1.4576023675233932e-05,-4.0405050268626115e-06
22.21899879951981,1.5437921504912526e-05,-5.540156448847805e-06,1.5087781263591613e-05,-5.42701559223876e-06,1.4477747484107099e-05,-3.999111321322373e-06
22.229002400960386,1.534547161704854e-05,-5.506656431375769e-06,1.4897551662714618e-05,-5.3582226213888106e-06,1.4436555782542888e-05,-4.141104292199306e-06
22.239006002400963,1.5253578062304861e-05,-5.473358282095779e-06,1.5196506723377852e-05,-5.466366032243594e-06,1.4395364080978677e-05,-4.283097263076239e-06
22.24900960384154,1.5162237508875031e-05,-5.440260778224847e-06,1.5495461784041087e-05,-5.574509443098379e-06,1.4354172379414467e-05,-4.425090233953172e-06
22.259013205282116,1.507144664506132e-05,-5.407362704384301e-06,1.532602523646159e-05,-5.513258076193538e-06,1.4312980677850256e-05,-4.5670832048301045e-06
22.269016806722693,1.498120217916626e-05,-5.374662852559227e-06,1.4838942598155068e-05,-5.337129354532516e-06,1.4271788976286045e-05,-4.709076175707038e-06
22.279020408163266,1.4891500839385618e-05,-5.342160022058446e-06,1.435185995984872e-05,-5.161000632871557e-06,1.4230597274721849e-05,-4.8510691465839205e-06
22.289024009603843,1.4802339373702677e-05,-5.30985301947497e-06,1.4524494328637511e-05,-5.223441059295491e-06,1.4189405573157638e-05,-4.993062117460853e-06
22.29902761104442,1.4713714549784264e-05,-5.277740658647117e-06,1.483979810275742e-05,-5.337474090005149e-06,1.4148213871593427e-05,-5.135055088337786e-06
22.309031212484996,1.4625623154877927e-05,-5.245821760620042e-06,1.5115673193362803e-05,-5.43725050790718e-06,1.4107022170029217e-05,-5.277048059214719e-06
22.319034813925573,1.453806199571072e-05,-5.2140951536078735e-06,1.4617977357533419e-05,-5.257319357755198e-06,1.4065830468465006e-05,-5.419041030091652e-06
22.32903841536615,1.445102789838947e-05,-5.182559672956405e-06,1.4120281521704034e-05,-5.077388207603215e-06,1.4024638766900795e-05,-5.561034000968585e-06
22.339042016806726,1.436451770830252e-05,-5.151214161106316e-06,1.3850590254924027e-05,-4.979892298691674e-06,1.3983447065336584e-05,-5.703026971845518e-06
22.349045618247303,1.427852829002295e-05,-5.1200574675569685e-06,1.4182599525269535e-05,-5.099941718539321e-06,1.3942255363772372e-05,-5.84501994272245e-06
22.359049219687876,1.4193056527213402e-05,-5.089088448830762e-06,1.4514608795614925e-05,-5.219991138386926e-06,1.3901063662208176e-05,-5.987012913599333e-06
22.369052821128452,1.4108099322532195e-05,-5.058305968438019e-06,1.4425248660300551e-05,-5.187712231465398e-06,1.3859871960643965e-05,-6.129005884476266e-06
22.37905642256903,1.4023653597541352e-05,-5.027708896842527e-06,1.3916379280768825e-05,-5.0037774606451725e-06,1.3818680259079756e-05,-6.270998855353199e-06
22.389060024009606,1.3939716265318548e-05,-4.997296101513629e-06,1.3407509901237097e-05,-4.819842689824946e-06,1.3777488557515545e-05,-6.412991826230131e-06
22.399063625450182,1.3856284249510996e-05,-4.967066453838938e-06,1.3522729191994803e-05,-4.861502620142212e-06,1.3736296855951333e-05,-6.554984797107064e-06
22.40906722689076,1.377335453315634e-05,-4.937018846855629e-06,1.387181952467309e-05,-4.987701928144896e-06,1.3695105154387122e-05,-6.696977767983997e-06
22.419070828331336,1.3690924117225579e-05,-4.907152180196593e-06,1.4220909857351378e-05,-5.1139012361475795e-06,1.3634374901855163e-05,-6.7640840838490854e-06
22.429074429771912,1.3608990020220302e-05,-4.87746535994309e-06,1.3740548870131952e-05,-4.940306780768081e-06,1.350244545687186e-05,-6.558300697144824e-06
22.439078031212485,1.3527549278090518e-05,-4.847957298593829e-06,1.321993298714599e-05,-4.752162747364046e-06,1.3370516011888606e-05,-6.352517310440635e-06
22.449081632653062,1.3446598944152275e-05,-4.818626915033964e-06,1.2859026305230496e-05,-4.6217387017594275e-06,1.3238586566905303e-05,-6.1467339237363735e-06
22.45908523409364,1.336613608900551e-05,-4.789473134504208e-06,1.3225592472979817e-05,-4.754228274942073e-06,1.3106657121922002e-05,-5.940950537032113e-06
22.469088835534215,1.3286157800451601e-05,-4.760494888569817e-06,1.3592158640729137e-05,-4.886717848124718e-06,1.2974727676938701e-05,-5.735167150327851e-06
22.479092436974792,1.3206661183410987e-05,-4.73169111508963e-06,1.3593231566779144e-05,-4.887130941534254e-06,1.28427982319554e-05,-5.5293837636235895e-06
22.48909603841537,1.3127643359840745e-05,-4.703060758185081e-06,1.306028296342944e-05,-4.694567323806159e-06,1.2710868786972097e-05,-5.323600376919328e-06
22.499099639855945,1.3049101468652138e-05,-4.674602768209229e-06,1.2527334360079734e-05,-4.502003706078063e-06,1.2578939341988796e-05,-5.117816990215066e-06
22.509103241296522,1.2971032665628142e-05,-4.646316101715761e-06,1.2574760778716922e-05,-4.519150099639687e-06,1.2447009897005495e-05,-4.9120336035108055e-06
22.5191068427371,1.289343412334096e-05,-4.618199721428024e-06,1.295921720575537e-05,-4.658077349008711e-06,1.2315080452022194e-05,-4.706250216806544e-06
22.52911044417767,1.2816303031069537e-05,-4.590252596208044e-06,1.334367363279368e-05,-4.797004598377686e-06,1.2183151007038938e-05,-4.500466830102355e-06
22.53911404561825,1.2739636594716946e-05,-4.56247370102552e-06,1.2929034047644535e-05,-4.6472230873024295e-06,1.2051221562055637e-05,-4.2946834433980935e-06
22.549117647058825,1.2663432036728049e-05,-4.534862016926915e-06,1.2383152591361054e-05,-4.450024648404126e-06,1.1919292117072336e-05,-4.088900056693832e-06
22.5591212484994,1.2587686596006893e-05,-4.507416531004454e-06,1.1918130501049786e-05,-4.282037812807256e-06,1.1787362672089033e-05,-3.88311666998957e-06
22.56912484993998,1.2512397527834223e-05,-4.480136236365192e-06,1.2320911729980225e-05,-4.427557347196827e-06,1.1655433227105732e-05,-3.677333283285309e-06
22.579128451380555,1.2437562103785031e-05,-4.453020132100076e-06,1.2723692958910663e-05,-4.573076881586398e-06,1.1523503782122431e-05,-3.471549896581048e-06
22.58913205282113,1.2363177611646089e-05,-4.426067223253026e-06,1.282670792105813e-05,-4.6103137245322975e-06,1.139157433713913e-05,-3.2657665098767863e-06
22.59913565426171,1.2289241355333533e-05,-4.399276520790029e-06,1.2267278889446193e-05,-4.4082600717704285e-06,1.1259644892155827e-05,-3.0599831231725247e-06
22.60913925570228,1.2215750654810494e-05,-4.372647041568269e-06,1.1707849857834453e-05,-4.2062064190086314e-06,1.1127715447172574e-05,-2.854199736468337e-06
22.619142857142858,1.2142702846004633e-05,-4.346177808305218e-06,1.167603993821786e-05,-4.194725447250407e-06,1.1068444762203327e-05,-2.8845123298783645e-06
22.629146458583435,1.2070095280725992e-05,-4.319867849547854e-06,1.2097601119513816e-05,-4.346999245223192e-06,1.1049548125897056e-05,-3.0460155820392898e-06
22.63915006002401,1.1997925326584623e-05,-4.293716199641804e-06,1.2519162300809772e-05,-4.499273043195976e-06,1.1030651489590785e-05,-3.207518834200215e-06
22.649153661464588,1.192619036690842e-05,-4.267721898700558e-06,1.2180268455700072e-05,-4.376905748375651e-06,1.1011754853284514e-05,-3.3690220863611403e-06
22.659157262905165,1.185488780066095e-05,-4.241883992574716e-06,1.1606661845962238e-05,-4.1697710867399e-06,1.0992858216978243e-05,-3.5305253385220655e-06
22.66916086434574,1.1784015042359388e-05,-4.216201532821238e-06,1.1033055236224404e-05,-3.962636425104148e-06,1.0973961580671972e-05,-3.6920285906829908e-06
22.679164465786318,1.1713569521992503e-05,-4.190673576672755e-06,1.146418660947725e-05,-4.118336162492493e-06,1.09550649443657e-05,-3.853531842843916e-06
22.68916806722689,1.1643548684938737e-05,-4.165299187006906e-06,1.190500401409984e-05,-4.277533752485663e-06,1.0936168308059437e-05,-4.015035095004784e-06
22.699171668667468,1.1573949991884269e-05,-4.140077432315666e-06,1.2122725994156865e-05,-4.356175181098617e-06,1.0917271671753166e-05,-4.1765383471657085e-06
22.709175270108044,1.1504770918741376e-05,-4.115007386674809e-06,1.1534295815325768e-05,-4.143728060787455e-06,1.0898375035446894e-05,-4.338041599326634e-06
22.71917887154862,1.1436008956566688e-05,-4.090088129713318e-06,1.0945865636494672e-05,-3.9312809404762916e-06,1.0879478399140625e-05,-4.499544851487559e-06
22.729182472989198,1.1367661611479615e-05,-4.065318746582877e-06,1.0822206152066596e-05,-3.8866409155854044e-06,1.0860581762834354e-05,-4.661048103648484e-06
22.739186074429774,1.129972640458088e-05,-4.040698327927404e-06,1.1282777707789518e-05,-4.052939564502322e-06,1.0841685126528083e-05,-4.8225513558094095e-06
22.74918967587035,1.1232200871871166e-05,-4.016225969852626e-06,1.174334926351244e-05,-4.219238213419239e-06,1.0822788490221812e-05,-4.984054607970335e-06
22.759193277310928,1.1165082564169852e-05,-3.991900773895701e-06,1.1491390726253016e-05,-4.1283031770564386e-06,1.0803891853915541e-05,-5.14555786013126e-06
22.769196878751504,1.1098369047033897e-05,-3.9677218469948885e-06,1.0887474273440078e-05,-3.910306234715387e-06,1.078499521760927e-05,-5.307061112292185e-06
22.779200480192078,1.1032057900676858e-05,-3.943688301459287e-06,1.0283557820627356e-05,-3.6923092923744127e-06,1.0766098581303006e-05,-5.468564364453053e-06
22.789204081632654,1.0966146719887914e-05,-3.919799254938573e-06,1.0651228555137806e-05,-3.825039794435841e-06,1.0747201944996735e-05,-5.6300676166139786e-06
22.79920768307323,1.0900633113951275e-05,-3.896053830392877e-06,1.113207440718067e-05,-3.998624704892098e-06,1.0728305308690464e-05,-5.7915708687749025e-06
22.809211284513808,1.0835514706565514e-05,-3.8724511560626525e-06,1.1478637309611203e-05,-4.123740796063126e-06,1.0630721291988385e-05,-5.666811355035449e-06
22.819214885954384,1.0770789135763105e-05,-3.84899036543862e-06,1.0858554419458204e-05,-3.8999504894463535e-06,1.0508711642047704e-05,-5.45319198480339e-06
22.82921848739496,1.070645405383015e-05,-3.82567059723178e-06,1.0238471529305204e-05,-3.676160182829581e-06,1.0386701992107024e-05,-5.239572614571331e-06
22.839222088835538,1.0642507127226254e-05,-3.802490995343482e-06,1.0009066486716677e-05,-3.5933713263779602e-06,1.0264692342166343e-05,-5.025953244339272e-06
22.849225690276114,1.0578946036504515e-05,-3.779450708835563e-06,1.051072958332011e-05,-3.7744358428222636e-06,1.0142682692225663e-05,-4.8123338741072135e-06
22.859229291716687,1.0515768476231782e-05,-3.7565488919005552e-06,1.1012392679923367e-05,-3.955500359266503e-06,1.0020673042285026e-05,-4.59871450387523e-06
22.869232893157264,1.0452972154908902e-05,-3.7337847038319268e-06,1.085983195850662e-05,-3.900470703584465e-06,9.898663392344344e-06,-4.385095133643172e-06
22.87923649459784,1.0390554794891433e-05,-3.7111573089944686e-06,1.0222884245004523e-05,-3.670637039342725e-06,9.776653742403664e-06,-4.171475763411113e-06
22.889240096038417,1.0328514132310257e-05,-3.6886658767946794e-06,9.585936531502425e-06,-3.440803375100986e-06,9.654644092462983e-06,-3.957856393179055e-06
22.899243697478994,1.026684791699256e-05,-3.666309581651259e-06,9.878010790816453e-06,-3.546203687985967e-06,9.532634442522303e-06,-3.7442370229469955e-06
22.90924729891957,1.0205553912382927e-05,-3.644087602965674e-06,1.040105749441366e-05,-3.734949511923844e-06,9.410624792581622e-06,-3.5306176527149367e-06
22.919250900360147,1.0144629895464677e-05,-3.6219991250928004e-06,1.0892087052679191e-05,-3.912143280106163e-06,9.288615142640942e-06,-3.316998282482878e-06
22.929254501800724,1.0084073656681403e-05,-3.6000433373116436e-06,1.0237557122496994e-05,-3.6760095343966144e-06,9.166605492700261e-06,-3.103378912250819e-06
22.939258103241297,1.0023882999858717e-05,-3.5782194337961546e-06,9.58302719231503e-06,-3.439875788687149e-06,9.044595842759625e-06,-2.889759542018836e-06
22.949261704681874,9.964055742126125e-06,-3.5565266135860833e-06,9.232575146526168e-06,-3.3134465713430076e-06,8.922586192818944e-06,-2.6761401717867774e-06
22.95926530612245,9.904589713839362e-06,-3.534964080558005e-06,9.777595871199557e-06,-3.5100839859034516e-06,8.800576542878262e-06,-2.4625208015547186e-06
22.969268907563027,9.845482758502697e-06,-3.513531043396345e-06,1.0322616595872947e-05,-3.706721400463895e-06,8.678566892937582e-06,-2.24890143132266e-06
22.979272509003604,9.786732732691607e-06,-3.492226715564542e-06,1.0283306539050041e-05,-3.692567074166495e-06,8.556557242996901e-06,-2.035282061090601e-06
22.98927611044418,9.728337505975664e-06,-3.4710503152762915e-06,9.610457185493507e-06,-3.4498695057719244e-06,8.50603135791049e-06,-2.0546827130635176e-06
22.999279711884757,9.670294960841678e-06,-3.450001065466882e-06,8.937607831936972e-06,-3.207171937377354e-06,8.505347419398059e-06,-2.2365562219303825e-06
23.009283313325334,9.612602992617054e-06,-3.429078193764628e-06,9.140648540984058e-06,-3.2804164078419375e-06,8.50466348088563e-06,-2.418429730797247e-06
23.019286914765907,9.555259509393481e-06,-3.408280932462408e-06,9.708258416922212e-06,-3.4851645119364773e-06,8.503979542373198e-06,-2.6003032396640475e-06
23.029290516206483,9.49826243195072e-06,-3.387608518489262e-06,1.0275868292860566e-05,-3.68991261603109e-06,8.503295603860767e-06,-2.782176748530912e-06
23.03929411764706,9.441609693680925e-06,-3.3670601933821697e-06,9.669079284015771e-06,-3.471086993630737e-06,8.502611665348336e-06,-2.9640502573977773e-06
23.049297719087637,9.385299240512968e-06,-3.3466352032578535e-06,8.977152658711724e-06,-3.2215545492674155e-06,8.501927726835907e-06,-3.1459237662646417e-06
23.059301320528213,9.329329030837205e-06,-3.326332798784723e-06,8.488813527984684e-06,-3.0454443112086357e-06,8.501243788323476e-06,-3.3277972751315066e-06
23.06930492196879,9.273697035430464e-06,-3.3061522351549234e-06,9.079653093686516e-06,-3.2585312635435692e-06,8.500559849811045e-06,-3.5096707839983715e-06
23.079308523409367,9.218401237381323e-06,-3.2860927720564905e-06,9.670492659388349e-06,-3.4716182158785024e-06,8.499875911298614e-06,-3.691544292865236e-06
23.089312124849943,9.16343963201572e-06,-3.266153673645616e-06,9.759804350532839e-06,-3.503851460868497e-06,8.499191972786183e-06,-3.873417801732101e-06
23.09931572629052,9.108810226822808e-06,-3.246334208519025e-06,9.048021111909842e-06,-3.2472054723531615e-06,8.498508034273754e-06,-4.055291310598966e-06
23.109319327731093,9.05451104138119e-06,-3.2266336496864793e-06,8.3362378732871e-06,-2.9905594838379166e-06,8.497824095761323e-06,-4.237164819465766e-06
23.11932292917167,9.000540107285309e-06,-3.207051274543356e-06,8.435379725423566e-06,-3.026312574581125e-06,8.497140157248892e-06,-4.41903832833263e-06
23.129326530612246,8.946895468072413e-06,-3.187586364843423e-06,9.050115648425345e-06,-3.2479758477938272e-06,8.49645621873646e-06,-4.600911837199496e-06
23.139330132052823,8.893575179149578e-06,-3.1682382066716564e-06,9.664851571427126e-06,-3.4696391210065295e-06,8.49577228022403e-06,-4.782785346066361e-06
23.1493337334934,8.840577307721227e-06,-3.149006090417221e-06,9.151161746700907e-06,-3.2844614255069473e-06,8.4950883417116e-06,-4.9646588549332254e-06
23.159337334933976,8.787899932716894e-06,-3.1298893107465662e-06,8.418720184311057e-06,-3.0204152984444053e-06,8.478850996725972e-06,-5.092113662859993e-06
23.169340936374553,8.735541144719374e-06,-3.110887166576648e-06,7.773970677610166e-06,-2.7879828368931922e-06,8.361644665735362e-06,-4.866295310781671e-06
23.17934453781513,8.683499045893197e-06,-3.0919989610482814e-06,8.413296504548298e-06,-3.0184694820966304e-06,8.244438334744752e-06,-4.640476958703349e-06
23.189348139255703,8.63177174991347e-06,-3.073224001499627e-06,9.052622331486204e-06,-3.2489561272999864e-06,8.127232003754182e-06,-4.414658606625108e-06
23.19935174069628,8.58035738189498e-06,-3.0545615994397775e-06,9.287584344945064e-06,-3.3336809725334075e-06,8.010025672763573e-06,-4.188840254546786e-06
23.209355342136856,8.529254078321844e-06,-3.036011070522542e-06,8.533659478644473e-06,-3.061939866176776e-06,7.892819341772963e-06,-3.963021902468464e-06
23.219358943577433,8.478459986977345e-06,-3.017571734520309e-06,7.779734612343883e-06,-2.7901987598201446e-06,7.775613010782353e-06,-3.7372035503901425e-06
23.22936254501801,8.427973266874219e-06,-2.9992429152980687e-06,7.758546033155854e-06,-2.7825659534743057e-06,7.658406679791742e-06,-3.5113851983118206e-06
23.239366146458586,8.377792088185304e-06,-2.9810239407875737e-06,8.423182970003947e-06,-3.022132875502912e-06,7.541200348801132e-06,-3.285566846233499e-06
23.249369747899163,8.327914632174574e-06,-2.962914142961643e-06,9.08781990685204e-06,-3.261699797531518e-06,7.423994017810522e-06,-3.0597484941551773e-06
23.25937334933974,8.27833909112856e-06,-2.9449128578086093e-06,8.682104705946458e-06,-3.115505774146065e-06,7.3067876868199115e-06,-2.833930142076856e-06
23.269376950780313,8.229063668288171e-06,-2.927019425306914e-06,7.905847358924162e-06,-2.8357662720719598e-06,7.1895813558293435e-06,-2.608111789998614e-06
23.27938055222089,8.180086577780838e-06,-2.9092331893998216e-06,7.129590011901592e-06,-2.556026769997755e-06,7.072375024838733e-06,-2.3822934379202927e-06
23.289384153661466,8.131406044553228e-06,-2.89155349797035e-06,7.775021780398048e-06,-2.788628300971925e-06,6.955168693848123e-06,-2.156475085841971e-06
23.299387755102043,8.083020304304196e-06,-2.8739797028162787e-06,8.465719503757041e-06,-3.0375425446362567e-06,6.8379623628575125e-06,-1.930656733763649e-06
23.30939135654262,8.03492760341823e-06,-2.8565111596253543e-06,8.865169464274094e-06,-3.181508659139108e-06,6.720756031866903e-06,-1.7048383816853271e-06
23.319394957983196,7.987126198899319e-06,-2.8391472279506356e-06,8.065705308887745e-06,-2.893458430369176e-06,6.603549700876293e-06,-1.4790200296070057e-06
23.329398559423772,7.93961435830521e-06,-2.8218872711859992e-06,7.266241153501397e-06,-2.6054082015992445e-06,6.540291651364936e-06,-1.4286983098238184e-06
23.33940216086435,7.89239035968214e-06,-2.804730656541806e-06,7.106574281495599e-06,-2.5478826613605666e-06,6.555326316156739e-06,-1.6330669586065646e-06
23.349405762304926,7.845452491499961e-06,-2.7876767550207265e-06,7.824111781847069e-06,-2.8064217090292347e-06,6.570360980948543e-06,-1.8374356073893108e-06
23.3594093637455,7.798799052587755e-06,-2.770724941393731e-06,8.541649282198283e-06,-3.064960756697811e-06,6.585395645740341e-06,-2.041804256171985e-06
23.369412965186076,7.752428352069796e-06,-2.753874594176225e-06,8.260462889252543e-06,-2.963685474256646e-06,6.6004303105321455e-06,-2.246172904954731e-06
23.379416566626652,7.706338709302136e-06,-2.737125095604403e-06,7.436891464604575e-06,-2.667002924448282e-06,6.615464975323949e-06,-2.4505415537374772e-06
23.38942016806723,7.660528453809478e-06,-2.720475831611711e-06,6.613320039956607e-06,-2.3703203746399186e-06,6.630499640115752e-06,-2.6549102025202232e-06
23.399423769507806,7.6149959252226e-06,-2.7039261918055147e-06,7.161406977294468e-06,-2.5677686594337064e-06,6.645534304907556e-06,-2.8592788513029696e-06
23.409427370948382,7.569739473216232e-06,-2.687475569443931e-06,7.90659343516308e-06,-2.8362207402737216e-06,6.660568969699359e-06,-3.063647500085716e-06
23.41943097238896,7.524757457447398e-06,-2.6711233614128346e-06,8.491342897990367e-06,-3.0468820044779514e-06,6.675603634491163e-06,-3.2680161488684625e-06
23.429434573829536,7.48004824749425e-06,-2.654868968203037e-06,7.642736598136967e-06,-2.741235916792495e-06,6.690638299282967e-06,-3.472384797651209e-06
23.43943817527011,7.435610222795392e-06,-2.6387117938876598e-06,6.794130298283866e-06,-2.435589829107147e-06,6.705672964074765e-06,-3.6767534464338825e-06
23.449441776710685,7.39144177258962e-06,-2.622651246099648e-06,6.475957966610623e-06,-2.320994457249323e-06,6.720707628866569e-06,-3.881122095216629e-06
23.459445378151262,7.34754129585632e-06,-2.6066867360095305e-06,7.249633662621094e-06,-2.5996588684699328e-06,6.735742293658372e-06,-4.085490743999375e-06
23.46944897959184,7.303907201256195e-06,-2.5908176783033037e-06,8.023309358631566e-06,-2.8783232796905422e-06,6.750776958450176e-06,-4.289859392782121e-06
23.479452581032415,7.260537907072596e-06,-2.575043491160531e-06,7.885042036364886e-06,-2.828557030853532e-06,6.7658116232419795e-06,-4.494228041564867e-06
23.489456182472992,7.217431841153336e-06,-2.559363596232625e-06,7.010445068026876e-06,-2.5136061961022906e-06,6.724980342033898e-06,-4.508915674533579e-06
23.49945978391357,7.1745874408530275e-06,-2.5437774186213174e-06,6.135848099688866e-06,-2.198655361351049e-06,6.608278906860484e-06,-4.266002230199474e-06
23.509463385354145,7.132003152975944e-06,-2.528284386857325e-06,6.56909466123686e-06,-2.35467628022339e-06,6.49157747168707e-06,-4.023088785865369e-06
23.51946698679472,7.089677433719414e-06,-2.512883932879209e-06,7.372131921085541e-06,-2.6438637206807285e-06,6.374876036513697e-06,-3.7801753415313497e-06
23.529470588235295,7.047608748617695e-06,-2.4975754920124087e-06,8.165145673481018e-06,-2.929441904491707e-06,6.258174601340283e-06,-3.5372618971972445e-06
23.53947418967587,7.0057955724865115e-06,-2.482358502948521e-06,7.263572982085035e-06,-2.6048347401458166e-06,6.141473166166868e-06,-3.2943484528631392e-06
23.54947779111645,6.964236389368011e-06,-2.467232407724733e-06,6.362000290689052e-06,-2.2802275757999256e-06,6.0247717309934545e-06,-3.051435008529034e-06
23.559481392557025,6.922929692476326e-06,-2.452196651703474e-06,5.863238911962705e-06,-2.1006520824277793e-06,5.9080702958200394e-06,-2.8085215641949287e-06
23.5694849939976,6.881873984143697e-06,-2.4372506835522726e-06,6.6965430873668875e-06,-2.400684998962837e-06,5.791368860646626e-06,-2.565608119860823e-06
23.57948859543818,6.84106777576713e-06,-2.4223939552238163e-06,7.529847262771071e-06,-2.7007179154978946e-06,5.674667425473211e-06,-2.3226946755267178e-06
23.589492196878755,6.800509587755646e-06,-2.4076259219362166e-06,7.554896677650655e-06,-2.7097670717444814e-06,5.557965990299797e-06,-2.0797812311926125e-06
23.599495798319328,6.760197949478108e-06,-2.392946042153494e-06,6.625332840497994e-06,-2.375141229383877e-06,5.441264555126424e-06,-1.8368677868585936e-06
23.609499399759905,6.7201313992115434e-06,-2.3783537775662406e-06,5.695769003345003e-06,-2.040515387023153e-06,5.32456311995301e-06,-1.5939543425244884e-06
23.61950300120048,6.680308484090212e-06,-2.363848593072553e-06,5.994774121095353e-06,-2.1481552165981253e-06,5.207861684779596e-06,-1.3510408981903827e-06
23.629506602641058,6.640727760055098e-06,-2.3494299567591267e-06,6.8592846078171076e-06,-2.459368163492393e-06,5.0911602496061814e-06,-1.1081274538562774e-06
23.639510204081635,6.601387791804093e-06,-2.3350973398825944e-06,7.723795094538862e-06,-2.7705811103866605e-06,5.002660660643335e-06,-9.564788677386165e-07
23.64951380552221,6.562287152742726e-06,-2.320850216851073e-06,6.927273667593134e-06,-2.483904091821765e-06,5.032237594666324e-06,-1.1869413338028948e-06
23.659517406962788,6.52342442493555e-06,-2.3066880652059405e-06,5.968671752910482e-06,-2.13888605258336e-06,5.0618145286893134e-06,-1.4174037998671734e-06
23.669521008403365,6.484798199058086e-06,-2.2926103656038236e-06,5.264988920549335e-06,-1.8856186157925538e-06,5.091391462712303e-06,-1.647866265931452e-06
23.67952460984394,6.4464070743494196e-06,-2.278616601798822e-06,6.161680214642378e-06,-2.2083586277439836e-06,5.120968396735292e-06,-1.87832873199573e-06
23.689528211284514,6.408249658565415e-06,-2.2647062606249544e-06,7.058371508735102e-06,-2.5310986396952993e-06,5.1505453307582715e-06,-2.108791198059927e-06
23.69953181272509,6.370324567932492e-06,-2.2508788319788146e-06,7.269329214778909e-06,-2.6070518730660154e-06,5.180122264781261e-06,-2.339253664124205e-06
23.709535414165668,6.332630427102174e-06,-2.2371338088025035e-06,6.2806096053767734e-06,-2.251256530641426e-06,5.20969919880425e-06,-2.5697161301884835e-06
23.719539015606244,6.295165869106131e-06,-2.2234706870667445e-06,5.291889995974637e-06,-1.895461188216836e-06,5.23927613282724e-06,-2.800178596252762e-06
23.72954261704682,6.257929535311934e-06,-2.209888965754261e-06,5.43516357195483e-06,-1.947021409279515e-06,5.268853066850229e-06,-3.0306410623170405e-06
23.739546218487398,6.220920075379454e-06,-2.196388146843382e-06,6.365046365415746e-06,-2.281648388312928e-06,5.2984300008732185e-06,-3.2611035283813187e-06
23.749549819927974,6.184136147217904e-06,-2.1829677352918834e-06,7.294929158876663e-06,-2.616275367346341e-06,5.328006934896208e-06,-3.491565994445597e-06
23.75955342136855,6.1475764169435416e-06,-2.1696272390210756e-06,6.6331366319303146e-06,-2.378179514242087e-06,5.357583868919197e-06,-3.7220284605098757e-06
23.769557022809124,6.111239558838054e-06,-2.1563661689001338e-06,5.6131858121444256e-06,-2.0112097449573853e-06,5.3871608029421765e-06,-3.952490926574072e-06
23.7795606242497,6.075124255307545e-06,-2.1431840387306476e-06,4.677791335928987e-06,-1.6746628098889966e-06,5.416737736965166e-06,-4.18295339263835e-06
23.789564225690278,6.039229196842329e-06,-2.1300803652314657e-06,5.641913652984299e-06,-2.02154992663282e-06,5.3378339478159345e-06,-4.0536880444377814e-06
23.799567827130854,6.0035530819772735e-06,-2.117054668023741e-06,6.60603597003961e-06,-2.3684370433766436e-06,5.217690646053149e-06,-3.7876702917545315e-06
23.80957142857143,5.9680946172528935e-06,-2.1041064696162452e-06,7.027890314469963e-06,-2.5202373605916263e-06,5.0975473442903634e-06,-3.5216525390712816e-06
23.819575030012007,5.932852517177129e-06,-2.091235295390938e-06,5.975559619025297e-06,-2.1416835800892835e-06,4.977404042527579e-06,-3.255634786388032e-06
23.829578631452584,5.897825504187816e-06,-2.078440673588781e-06,4.9232289235806315e-06,-1.7631297995869404e-06,4.857260740764793e-06,-2.9896170337047822e-06
23.83958223289316,5.8630123086158605e-06,-2.065722135295812e-06,4.886992255832128e-06,-1.7500962195384787e-06,4.737117439002008e-06,-2.7235992810215323e-06
23.849585834333734,5.828411668649131e-06,-2.0530792144294797e-06,5.886440631135978e-06,-2.1096303293148636e-06,4.616974137239265e-06,-2.4575815283383773e-06
23.85958943577431,5.794022330297009e-06,-2.040511447725216e-06,6.885889006440184e-06,-2.4691644390913765e-06,4.49683083547648e-06,-2.1915637756551274e-06
23.869593037214887,5.7598430473557795e-06,-2.028018374723313e-06,6.380699101996424e-06,-2.287482938776698e-06,4.376687533713694e-06,-1.925546022971878e-06
23.879596638655464,5.7258725813746165e-06,-2.0155995377560194e-06,5.294803425394695e-06,-1.8969226448063135e-06,4.256544231950909e-06,-1.659528270288628e-06
23.88960024009604,5.692109701622373e-06,-2.0032544819349235e-06,4.208907748792965e-06,-1.5063623508359289e-06,4.136400930188124e-06,-1.3935105176053785e-06
23.899603841536617,5.658553185055077e-06,-1.9909827551385986e-06,5.134123115660879e-06,-1.8391344469238674e-06,4.0162576284253385e-06,-1.1274927649221286e-06
23.909607442977194,5.6252018162841895e-06,-1.9787839080005176e-06,6.170023815727773e-06,-2.211716521116792e-06,3.896114326662553e-06,-8.614750122388787e-07
23.91961104441777,5.592054387545587e-06,-1.96665749389724e-06,6.830380632863827e-06,-2.449239592002158e-06,3.780781308383652e-06,-6.109166264280061e-07
23.929614645858347,5.55910969866411e-06,-1.9546030689350113e-06,5.709697097840966e-06,-2.0462368928074833e-06,3.824969405839738e-06,-8.730297828038162e-07
23.93961824729892,5.5263665518498235e-06,-1.9426201900910726e-06,4.589013562818504e-06,-1.6432341936129516e-06,3.869157503295808e-06,-1.1351429391795332e-06
23.949621848739497,5.493823756367897e-06,-1.9307084168738234e-06,4.346982345223624e-06,-1.5561999041982333e-06,3.913345600751894e-06,-1.3972560955553434e-06
23.959625450180074,5.461480132805097e-06,-1.9188673128484792e-06,5.420502634461769e-06,-1.9422454773785703e-06,3.95753369820798e-06,-1.6593692519311536e-06
23.96962905162065,5.429334508921883e-06,-1.9070964441580955e-06,6.494022923699914e-06,-2.3282910505589076e-06,4.001721795664066e-06,-1.9214824083069638e-06
23.979632653061227,5.397385719613332e-06,-1.895395379508802e-06,6.1697393319407225e-06,-2.2117231927823613e-06,4.045909893120152e-06,-2.183595564682774e-06
23.989636254501804,5.365632606870142e-06,-1.8837636901550855e-06,5.013005915503518e-06,-1.7958283205591655e-06,4.090097990576238e-06,-2.445708721058584e-06
23.99963985594238,5.334074019739761e-06,-1.8722009498851077e-06,3.856272499066314e-06,-1.3799334483359696e-06,4.134286088032324e-06,-2.7078218774343943e-06
24.009643457382957,5.302708814287621e-06,-1.8607067350060728e-06,4.6351818711154354e-06,-1.6599867931915474e-06,4.17847418548841e-06,-2.9699350338102044e-06
24.01964705882353,5.2715358535585265e-06,-1.8492806243296415e-06,5.747531323888182e-06,-2.0599264265000056e-06,4.22266228294448e-06,-3.2320481901859214e-06
24.029650660264107,5.240554007538074e-06,-1.8379221991573753e-06,6.67685389498534e-06,-2.394065727817215e-06,4.266850380400567e-06,-3.4941613465617316e-06
24.039654261704683,5.2097621531143316e-06,-1.8266310432662583e-06,5.482768010484843e-06,-1.9648145366984304e-06,4.311038477856652e-06,-3.7562745029375418e-06
24.04965786314526,5.179159174039511e-06,-1.815406742894235e-06,4.2886821259843475e-06,-1.5355633455796457e-06,4.3352371790594785e-06,-3.95333488430693e-06
24.059661464585837,5.148743960891836e-06,-1.804248886725809e-06,3.8118305529532127e-06,-1.3641449977172021e-06,4.207589930164251e-06,-3.656233245862727e-06
24.069665066026413,5.11851541103751e-06,-1.793157065877687e-06,4.964262413138147e-06,-1.7784247590207154e-06,4.079942681269024e-06,-3.359131607418523e-06
24.07966866746699,5.088472428592824e-06,-1.7821308738844717e-06,6.116694273323082e-06,-2.192704520324228e-06,3.952295432373798e-06,-3.06202996897432e-06
24.089672268907567,5.058613924386383e-06,-1.7711699066844022e-06,6.000279704419418e-06,-2.1508969837691137e-06,3.824648183478571e-06,-2.764928330530116e-06
24.09967587034814,5.02893881592148e-06,-1.7602737626051479e-06,4.76749673807261e-06,-1.707810431777642e-06,3.6970009345833886e-06,-2.467826692086018e-06
24.109679471788716,4.999446027338549e-06,-1.7494420423496315e-06,3.5347137717253633e-06,-1.2647238797860127e-06,3.5693536856881614e-06,-2.170725053641815e-06
24.119683073229293,4.970134489377856e-06,-1.738674348981942e-06,4.141938894447146e-06,-1.482974201868232e-06,3.4417064367929343e-06,-1.8736234151976112e-06
24.12968667466987,4.941003139342212e-06,-1.72797028791326e-06,5.33575148401466e-06,-1.912056163223804e-06,3.314059187897707e-06,-1.5765217767534077e-06
24.139690276110446,4.912050921059893e-06,-1.71732946688785e-06,6.529564073582174e-06,-2.3411381245793766e-06,3.1864119390024804e-06,-1.2794201383092043e-06
24.149693877551023,4.883276784847665e-06,-1.7067514959691052e-06,5.294753161139204e-06,-1.8973991156546122e-06,3.0587646901072533e-06,-9.823184998650008e-07
24.1596974789916,4.854679687473971e-06,-1.69623598752564e-06,4.0218849613517435e-06,-1.439982730043524e-06,2.931117441212026e-06,-6.852168614207974e-07
24.169701080432176,4.826258592122241e-06,-1.685782556217437e-06,3.278189349301403e-06,-1.1727295657119608e-06,2.8034701923167994e-06,-3.8811522297659393e-07
24.17970468187275,4.798012468354367e-06,-1.675390818982052e-06,4.514727527500407e-06,-1.617092318695165e-06,2.862716280187444e-06,-6.870945723276571e-07
24.189708283313326,4.7699402920742635e-06,-1.6650603950208503e-06,5.751265705699851e-06,-2.0614550716785266e-06,2.9229814405762046e-06,-9.893241699955004e-07
24.199711884753903,4.7420410454916825e-06,-1.6547909057853357e-06,5.872591187742401e-06,-2.105090371230865e-06,2.983246600964965e-06,-1.2915537676633438e-06
24.20971548619448,4.714313717086063e-06,-1.644581974963501e-06,4.558204505546499e-06,-1.6328336966173372e-06,3.043511761353726e-06,-1.5937833653311871e-06
24.219719087635056,4.686757301570596e-06,-1.6344332284662425e-06,3.2438178233505964e-06,-1.160577022003809e-06,3.1037769217424865e-06,-1.8960129629990304e-06
24.229722689075633,4.659370799856415e-06,-1.6243442944138366e-06,3.651200622725684e-06,-1.3069499896296742e-06,3.164042082131247e-06,-2.198242560666874e-06
24.23972629051621,4.632153219016946e-06,-1.6143148031224657e-06,4.93185729751151e-06,-1.7670891791015855e-06,3.2243072425200075e-06,-2.500472158334717e-06
24.249729891956786,4.605103572252409e-06,-1.604344387090802e-06,6.212513972297336e-06,-2.227228368573497e-06,3.284572402908768e-06,-2.802701756002561e-06
24.259733493397363,4.578220878854477e-06,-1.59443268098665e-06,5.145872596556519e-06,-1.8440592286895485e-06,3.3448375632975285e-06,-3.104931353670404e-06
24.269737094837936,4.551504164171094e-06,-1.5845793216336458e-06,3.788487475405247e-06,-1.3564352573632333e-06,3.405102723686268e-06,-3.4071609513381403e-06
24.279740696278513,4.52495245957141e-06,-1.5747839479980037e-06,2.742647684385432e-06,-9.807302932903973e-07,3.4653678840750283e-06,-3.7093905490059834e-06
24.28974429771909,4.498564802410968e-06,-1.5650462011753477e-06,4.068865377779277e-06,-1.4571591701958307e-06,3.391038995276129e-06,-3.580114102929759e-06
24.299747899159666,4.47234023599696e-06,-1.5553657243775738e-06,5.395083071173123e-06,-1.9335880471012644e-06,3.2511118457422446e-06,-3.240530840637766e-06
24.309751500600242,4.446277809553686e-06,-1.5457421629197858e-06,5.787199188427607e-06,-2.0744807392909087e-06,3.11118469620836e-06,-2.9009475783457733e-06
24.31975510204082,4.420376578188174e-06,-1.5361751642072862e-06,4.3852873015431715e-06,-1.570945323062238e-06,2.9712575466744756e-06,-2.56136431605378e-06
24.329758703481396,4.394635602855965e-06,-1.5266643777226336e-06,2.9833754146587367e-06,-1.067409906833567e-06,2.831330397140591e-06,-2.2217810537617874e-06
24.339762304921972,4.369053950327061e-06,-1.5172094550127516e-06,3.1597122138749814e-06,-1.1307468356115792e-06,2.6914032476067066e-06,-1.8821977914697946e-06
24.349765906362546,4.343630693152056e-06,-1.5078100496761124e-06,4.532984683022276e-06,-1.6239968294289981e-06,2.5514760980728715e-06,-1.5426145291779222e-06
24.359769507803122,4.318364909628383e-06,-1.4984658173499554e-06,5.906257152170058e-06,-2.1172468232465924e-06,2.411548948538987e-06,-1.2030312668859294e-06
24.3697731092437,4.293255683766841e-06,-1.489176415697611e-06,5.0365913767855555e-06,-1.804951418344674e-06,2.2716217990051025e-06,-8.634480045939367e-07
24.379776710684276,4.268302105258184e-06,-1.4799415043958475e-06,3.5885743102009505e-06,-1.2849426612782688e-06,2.131694649471218e-06,-5.238647423019439e-07
24.389780312124852,4.243503269439938e-06,-1.4707607451223e-06,2.2017111102269895e-06,-7.868953703877331e-07,2.026321411448785e-06,-2.9365140146691525e-07
24.39978391356543,4.218858277263393e-06,-1.4616338015429602e-06,3.6235850259685137e-06,-1.2975166818674476e-06,2.1060223753409377e-06,-6.492342857683799e-07
24.409787515006006,4.1943662352607655e-06,-1.4525603392997286e-06,5.0454589417100375e-06,-1.8081379933471621e-06,2.185723339233091e-06,-1.0048171700698446e-06
24.419791116446582,4.170026255512533e-06,-1.4435400259980348e-06,5.744890846193272e-06,-2.0593392860076452e-06,2.2654243031252437e-06,-1.360400054371309e-06
24.429794717887155,4.145837455614977e-06,-1.434572531194523e-06,4.2491383255526895e-06,-1.5222769173599507e-06,2.3451252670173685e-06,-1.7159829386726474e-06
24.439798319327732,4.1217989586478446e-06,-1.4256575263847885e-06,2.7533858049115772e-06,-9.852145487120656e-07,2.4248262309095212e-06,-2.071565822974112e-06
24.44980192076831,4.097909893142299e-06,-1.4167946849912127e-06,2.6641382052637737e-06,-9.531698602783723e-07,2.504527194801674e-06,-2.427148707275577e-06
24.459805522208885,4.074169393048952e-06,-1.407983682350833e-06,4.1362148900966066e-06,-1.4817320751277742e-06,2.584228158693827e-06,-2.7827315915770416e-06
24.469809123649462,4.0505765977061395e-06,-1.3992241957032947e-06,5.608291574929439e-06,-2.0102942899771766e-06,2.66392912258598e-06,-3.138314475878506e-06
24.47981272509004,4.027130651808371e-06,-1.3905159041788683e-06,4.967626756905347e-06,-1.7803226243540668e-06,2.7436300864781327e-06,-3.4938973601799706e-06
24.489816326530615,4.003830705374972e-06,-1.3818584887865356e-06,3.4224548160381883e-06,-1.2256073510168058e-06,2.7144395856039435e-06,-3.5044990121737378e-06
24.499819927971192,3.980675913718911e-06,-1.3732516324021436e-06,1.87728287517103e-06,-6.708920776795448e-07,2.5557614535205094e-06,-3.104868304092049e-06
24.50982352941177,3.9576654374158315e-06,-1.3646950197566269e-06,3.175718420208883e-06,-1.1370298591128996e-06,2.397083321437075e-06,-2.7052375960103604e-06
24.51982713085234,3.934798442273275e-06,-1.3561883374243044e-06,4.699655647599009e-06,-1.6841225833174666e-06,2.2384051893536978e-06,-2.3056068879288137e-06
24.52983073229292,3.912074099300068e-06,-1.3477312738112308e-06,5.74672382621575e-06,-2.0600340479758164e-06,2.0797270572702636e-06,-1.9059761798471248e-06
24.539834333733495,3.889491584675982e-06,-1.3393235191436478e-06,4.150392915434996e-06,-1.4870468857043638e-06,1.9210489251868295e-06,-1.506345471765436e-06
24.54983793517407,3.867050079721515e-06,-1.3309647654564769e-06,2.5540620046542424e-06,-9.140597234329113e-07,1.762370793103395e-06,-1.1067147636837472e-06
24.55984153661465,3.844748770867915e-06,-1.3226547065818996e-06,2.1610424640030095e-06,-7.729894623690466e-07,1.603692661019961e-06,-7.070840556020586e-07
24.569845138055225,3.822586849627391e-06,-1.3143930381380058e-06,3.7385563210627875e-06,-1.3392229798556899e-06,1.4450145289365268e-06,-3.074533475203695e-07
24.5798487394958,3.8005635125635394e-06,-1.3061794575175157e-06,5.3160701781225655e-06,-1.905456497342333e-06,1.438910845820254e-06,-3.873203120443533e-07
24.58985234093638,3.7786779612619635e-06,-1.2980136638765724e-06,4.939956834813326e-06,-1.7705131613075657e-06,1.5444843631383217e-06,-8.181566430243739e-07
24.59985594237695,3.756929402301116e-06,-1.289895358123616e-06,3.290669866806718e-06,-1.1786147439844512e-06,1.650057880456352e-06,-1.2489929740042415e-06
24.609859543817528,3.7353170472233064e-06,-1.2818242429083118e-06,1.6413828987995234e-06,-5.867163266611268e-07,1.7556313977744196e-06,-1.6798293049842624e-06
24.619863145258105,3.7138401125060003e-06,-1.2738000226105844e-06,2.7220009154466646e-06,-9.745303862666075e-07,1.8612049150924873e-06,-2.110665635964283e-06
24.62986674669868,3.6924978195332484e-06,-1.2658224033297002e-06,4.354867731059906e-06,-1.5605363396403414e-06,1.9667784324105552e-06,-2.5415019669443035e-06
24.639870348139258,3.671289394567366e-06,-1.2578910928734355e-06,5.7940366716715045e-06,-2.0770334817820587e-06,2.0723519497286227e-06,-2.9723382979243245e-06
24.649873949579835,3.650214068720828e-06,-1.2500058007473206e-06,4.089937002797983e-06,-1.4655633479463227e-06,2.1779254670466902e-06,-3.403174628904345e-06
24.65987755102041,3.629271077928368e-06,-1.2421662381439616e-06,2.385837333924462e-06,-8.540932141105865e-07,2.129545280502864e-06,-3.350770029657689e-06
24.669881152460988,3.6084596629193063e-06,-1.2343721179324344e-06,1.646867316200859e-06,-5.889338737305639e-07,1.9419660436170516e-06,-2.8614374651425015e-06
24.67988475390156,3.5877790691900924e-06,-1.2266231546477646e-06,3.3369256567718343e-06,-1.1953659688485242e-06,1.7543868067313057e-06,-2.372104900627488e-06
24.689888355342138,3.5672285469770435e-06,-1.2189190644804684e-06,5.02698399734341e-06,-1.8017980639666998e-06,1.566807569845493e-06,-1.8827723361123007e-06
24.699891956782714,3.5468073512293708e-06,-1.2112595652662012e-06,4.954830728172182e-06,-1.7759602419278705e-06,1.3792283329596804e-06,-1.3934397715971134e-06
24.70989555822329,3.5265147415823564e-06,-1.2036443764754549e-06,3.194000072904898e-06,-1.1442360977760609e-06,1.191649096073868e-06,-9.041072070819262e-07
24.719899159663868,3.506349982330795e-06,-1.1960732192033523e-06,1.4331694176376138e-06,-5.125119536242514e-07,1.0040698591880554e-06,-4.147746425667387e-07
24.729902761104444,3.4863123424026588e-06,-1.1885458161595163e-06,2.2590509793873256e-06,-8.088093882915585e-07,9.178020832915727e-07,-2.418445690949214e-07
24.73990636254502,3.4664010953329727e-06,-1.1810618916580196e-06,4.008203714446577e-06,-1.4363441234580214e-06,1.0616687909035828e-06,-7.876399304950307e-07
24.749909963985598,3.446615519237947e-06,-1.1736211716074174e-06,5.757356449505829e-06,-2.0638788586244844e-06,1.2055354985155927e-06,-1.33343529189514e-06
24.759913565426174,3.4269548967893172e-06,-1.1662233835008582e-06,4.068917064286721e-06,-1.4582275849476816e-06,1.3494022061276027e-06,-1.8792306532952495e-06
24.769917166866747,3.407418515188933e-06,-1.1588682564062835e-06,2.249373340452645e-06,-8.055445429802479e-07,1.4932689137395614e-06,-2.4250260146951652e-06
24.779920768307324,3.3880056661435518e-06,-1.1515555209566917e-06,1.1179117371131948e-06,-3.996813900341978e-07,1.6371356213515715e-06,-2.9708213760952747e-06
24.7899243697479,3.368715645839929e-06,-1.1442849093405166e-06,2.9281281770895636e-06,-1.0490188106271342e-06,1.7810023289635812e-06,-3.516616737495384e-06
24.799927971188477,3.34954775492008e-06,-1.1370561552920584e-06,4.738344617065933e-06,-1.6983562312200704e-06,1.5746648665236313e-06,-2.970866144917916e-06
24.809931572629054,3.3305012984568154e-06,-1.1298689940820162e-06,5.013780352114043e-06,-1.7972020706009998e-06,1.339452968511572e-06,-2.335117271287868e-06
24.81993517406963,3.311575585929511e-06,-1.1227231625080968e-06,3.1334754545182074e-06,-1.122831863066216e-06,1.1042410704995128e-06,-1.69936839765782e-06
24.829938775510207,3.2927699312001182e-06,-1.1156183988857144e-06,1.253170556922372e-06,-4.4846165553143244e-07,8.690291724874536e-07,-1.063619524027772e-06
24.839942376950784,3.2740836524894174e-06,-1.1085544430387713e-06,1.783348967378887e-06,-6.386098709144484e-07,6.338172744753944e-07,-4.278706503977241e-07
24.849945978391357,3.255516072353526e-06,-1.1015310362905294e-06,3.6566670759506037e-06,-1.310474350290621e-06,5.691539810684206e-07,-3.2202462738880456e-07
24.859949579831934,3.237066517660614e-06,-1.094547921454554e-06,5.529985184522985e-06,-1.982338829667032e-06,7.780399985405263e-07,-1.0661096838861349e-06
24.86995318127251,3.2187343195679435e-06,-1.087604842825771e-06,4.088751640205167e-06,-1.4655380441796918e-06,9.869260160126322e-07,-1.8101947403834654e-06
24.879956782713087,3.200518813499082e-06,-1.0807015461715847e-06,2.1455691401484905e-06,-7.687282104395813e-07,1.1958120334847379e-06,-2.5542797968807963e-06
24.889960384153664,3.182419339121403e-06,-1.0738377787230983e-06,5.703084781461781e-07,-2.0385223331767342e-07,1.4046980509568438e-06,-3.298364853378127e-06
24.89996398559424,3.164435240323836e-06,-1.0670132891664184e-06,2.5088371616460113e-06,-8.98993280864869e-07,1.244600363718969e-06,-2.8981630685155203e-06
24.909967587034817,3.1465658651261438e-06,-1.0602278276101488e-06,4.447365845145845e-06,-1.5941343284120645e-06,9.187842039527558e-07,-1.984037592541692e-06
24.919971188475394,3.1288105655599787e-06,-1.053481145543028e-06,5.118633878193351e-06,-1.8348825349590617e-06,5.929680441865425e-07,-1.0699121165678632e-06
24.929974789915967,3.1111686979164225e-06,-1.0467729959190463e-06,3.1103866462920866e-06,-1.1148555818663375e-06,2.671518844204448e-07,-1.5578664059435972e-07
24.939978391356544,3.0936396226070557e-06,-1.040103133108206e-06,1.1021394143901087e-06,-3.948286287733577e-07,5.101370552696592e-07,-1.0022283566469693e-06
24.94998199279712,3.0762227041326526e-06,-1.0334713128846802e-06,1.2912148438860991e-06,-4.6261879576206423e-07,8.573267162892267e-07,-2.171206249711098e-06
24.959985594237697,3.058917311060115e-06,-1.0268772924178327e-06,3.2971363203200177e-06,-1.181811892996706e-06,1.2045163773087942e-06,-3.3401841427752262e-06
24.969989195678274,3.0417228159995873e-06,-1.0203208302633054e-06,5.303057796753936e-06,-1.9010049902313478e-06,7.773558192900841e-07,-2.115577509202924e-06
24.97999279711885,3.0246385955817123e-06,-1.0138016863541486e-06,0.0,0.0,2.1562566338673271e-07,-4.7500443133567766e-07
24.989996398559427,3.0076640304350295e-06,-1.0073196219920067e-06,0.0,0.0,6.617744741605503e-07,-1.9467382704255884e-06
25.0,2.990798505163528e-06,-1.0008743998383543e-06,0.0,0.0,-0.0,-0.0
